{
  "name": "FidanYurt",
  "gender": "Female",
  "gender_code": "K",
  "age": 21,
  "weight": 61,
  "height": 155,
  "bmi": 25.39,
  "pre_itug_metrics": {
    "test_type": "Pre_ITUG",
    "valid": true,
    "num_samples": 1889,
    "duration_seconds": 18.89,
    "PC1_mean": 1.8055082750918375e-13,
    "PC1_std": 7.792070054391779,
    "PC1_range": 26.835229490396635,
    "PC1_dominant_freq": 0.390625,
    "PC1_spectral_entropy": 0.08479649757095063,
    "stride_frequency": 0.05868544600938967,
    "num_strides": 1
  },
  "pre_isway_metrics": {
    "test_type": "Pre_ISWAY",
    "valid": true,
    "num_samples": 13983,
    "duration_seconds": 139.83,
    "PC1_mean": 1.332078344583392e-13,
    "PC1_std": 57.527731922900465,
    "PC1_range": 199.26038187186396,
    "PC1_dominant_freq": 0.390625,
    "PC1_spectral_entropy": 0.08408528278054583,
    "sway_area": 728.3349418278204,
    "mean_distance": 49.819029247039275,
    "path_length": 218.30580068256393
  },
  "post_itug_metrics": {
    "test_type": "Post_ITUG",
    "valid": true,
    "num_samples": 1727,
    "duration_seconds": 17.27,
    "PC1_mean": -1.9485410518586188e-14,
    "PC1_std": 7.154647829308703,
    "PC1_range": 24.58569162625401,
    "PC1_dominant_freq": 0.390625,
    "PC1_spectral_entropy": 0.08874356709704503,
    "stride_frequency": 0.24798512089274646,
    "num_strides": 4
  },
  "post_isway_metrics": {
    "test_type": "Post_ISWAY",
    "valid": true,
    "num_samples": 12477,
    "duration_seconds": 124.77,
    "PC1_mean": 8.397354303457669e-14,
    "PC1_std": 51.32943211128756,
    "PC1_range": 177.78900181643846,
    "PC1_dominant_freq": 0.390625,
    "PC1_spectral_entropy": 0.08409122319017333,
    "sway_area": 392.68308673358973,
    "mean_distance": 44.451042968630254,
    "path_length": 189.3570418491999
  },
  "initial_rating": 5.9,
  "final_rating": 5.96,
  "rejected_pair_rating_diff": -0.18181818181818182,
  "chosen_pair_rating_diff": 0.6363636363636364,
  "computer_pair_rating_diff": -1.0,
  "timeout_count": 6
}