{
  "name": "FidanYurt",
  "gender": "Female",
  "gender_code": "K",
  "age": 21,
  "weight": 61,
  "height": 155,
  "bmi": 25.39,
  "pre_itug_metrics": {
    "test_type": "Pre_ITUG",
    "valid": true,
    "num_samples": 1889,
    "duration_seconds": 18.89,
    "PC1_mean": 6.018360916972792e-17,
    "PC1_std": 2.268907279404105,
    "PC1_range": 13.857079669207302,
    "PC1_dominant_freq": 0.390625,
    "PC1_spectral_entropy": -0.26504755059061463,
    "stride_frequency": 1.1840688912809472,
    "num_strides": 22
  },
  "pre_isway_metrics": {
    "test_type": "Pre_ISWAY",
    "valid": true,
    "num_samples": 13983,
    "duration_seconds": 139.83,
    "PC1_mean": 3.252144395955547e-17,
    "PC1_std": 2.585399655027311,
    "PC1_range": 47.336611816464654,
    "PC1_dominant_freq": 0.390625,
    "PC1_spectral_entropy": -0.25465568098732244,
    "sway_area": 997.1613828811949,
    "mean_distance": 1.0708545684211632,
    "path_length": 506.61785674268555
  },
  "post_itug_metrics": {
    "test_type": "Post_ITUG",
    "valid": true,
    "num_samples": 1727,
    "duration_seconds": 17.27,
    "PC1_mean": 0.0,
    "PC1_std": 2.3421966794262796,
    "PC1_range": 12.144084228296693,
    "PC1_dominant_freq": 0.390625,
    "PC1_spectral_entropy": 0.5594930994771209,
    "stride_frequency": 1.3961605584642236,
    "num_strides": 24
  },
  "post_isway_metrics": {
    "test_type": "Post_ISWAY",
    "valid": true,
    "num_samples": 12477,
    "duration_seconds": 124.77,
    "PC1_mean": 3.189099399099592e-17,
    "PC1_std": 2.560559549509149,
    "PC1_range": 48.965864928235526,
    "PC1_dominant_freq": 0.390625,
    "PC1_spectral_entropy": -0.2950293344066695,
    "sway_area": 1158.5850799103428,
    "mean_distance": 1.0245852356683431,
    "path_length": 530.5553635696364
  },
  "initial_rating": 5.9,
  "final_rating": 5.96,
  "rejected_pair_rating_diff": -0.18181818181818182,
  "chosen_pair_rating_diff": 0.6363636363636364,
  "computer_pair_rating_diff": -1.0,
  "timeout_count": 6
}