{
  "name": "Elifsisman",
  "gender": "Female",
  "gender_code": "K",
  "age": 21,
  "weight": 48,
  "height": 165,
  "bmi": 17.63,
  "pre_itug_metrics": {
    "test_type": "Pre_ITUG",
    "valid": true,
    "num_samples": 2022,
    "duration_seconds": 20.22,
    "PC1_mean": 1.1244988894324038e-16,
    "PC1_std": 2.3325662058630687,
    "PC1_range": 10.686991820977038,
    "PC1_dominant_freq": 0.390625,
    "PC1_spectral_entropy": 0.24135528693803915,
    "stride_frequency": 1.2664640324214793,
    "num_strides": 25
  },
  "pre_isway_metrics": {
    "test_type": "Pre_ISWAY",
    "valid": true,
    "num_samples": 12476,
    "duration_seconds": 124.76,
    "PC1_mean": 0.0,
    "PC1_std": 2.4674615601510146,
    "PC1_range": 28.921236570918516,
    "PC1_dominant_freq": 0.390625,
    "PC1_spectral_entropy": 0.04024133713148113,
    "sway_area": 927.682222544513,
    "mean_distance": 2.6202608278411055,
    "path_length": 829.4133786832818
  },
  "post_itug_metrics": {
    "test_type": "Post_ITUG",
    "valid": true,
    "num_samples": 1838,
    "duration_seconds": 18.38,
    "PC1_mean": -1.2370711395170406e-16,
    "PC1_std": 2.2379387410886618,
    "PC1_range": 8.251251281750202,
    "PC1_dominant_freq": 0.390625,
    "PC1_spectral_entropy": 0.3023916589190143,
    "stride_frequency": 1.3943112102621307,
    "num_strides": 25
  },
  "post_isway_metrics": {
    "test_type": "Post_ISWAY",
    "valid": true,
    "num_samples": 12596,
    "duration_seconds": 125.96,
    "PC1_mean": -1.4441008284740049e-16,
    "PC1_std": 2.4666825416361258,
    "PC1_range": 35.63802317173508,
    "PC1_dominant_freq": 0.390625,
    "PC1_spectral_entropy": -0.10871714101763252,
    "sway_area": 1209.6646679406983,
    "mean_distance": 2.3568390047673744,
    "path_length": 666.6629681027805
  },
  "initial_rating": 5.457399103139013,
  "final_rating": 5.3408071748878925,
  "rejected_pair_rating_diff": 0.16216216216216217,
  "chosen_pair_rating_diff": -0.6216216216216216,
  "computer_pair_rating_diff": 0.0,
  "timeout_count": 6
}