{
  "name": "Elifsisman",
  "gender": "Female",
  "gender_code": "K",
  "age": 21,
  "weight": 48,
  "height": 165,
  "bmi": 17.63,
  "pre_itug_metrics": {
    "test_type": "Pre_ITUG",
    "valid": true,
    "num_samples": 2022,
    "duration_seconds": 20.22,
    "PC1_mean": 2.0164514085301865e-12,
    "PC1_std": 8.365326334862903,
    "PC1_range": 28.809973058850336,
    "PC1_dominant_freq": 0.390625,
    "PC1_spectral_entropy": 0.08754454561947037,
    "stride_frequency": null,
    "num_strides": 0
  },
  "pre_isway_metrics": {
    "test_type": "Pre_ISWAY",
    "valid": true,
    "num_samples": 12476,
    "duration_seconds": 124.76,
    "PC1_mean": 5.52403579044128e-12,
    "PC1_std": 51.32074265697108,
    "PC1_range": 177.75843487657949,
    "PC1_dominant_freq": 0.390625,
    "PC1_spectral_entropy": 0.08410211185495074,
    "sway_area": 671.2291371011041,
    "mean_distance": 44.44371722573872,
    "path_length": 250.86493954236417
  },
  "post_itug_metrics": {
    "test_type": "Post_ITUG",
    "valid": true,
    "num_samples": 1838,
    "duration_seconds": 18.38,
    "PC1_mean": -1.804144549871652e-12,
    "PC1_std": 7.613648576013214,
    "PC1_range": 26.180873298921938,
    "PC1_dominant_freq": 0.390625,
    "PC1_spectral_entropy": 0.08781808126650083,
    "stride_frequency": 0.24937655860349123,
    "num_strides": 3
  },
  "post_isway_metrics": {
    "test_type": "Post_ISWAY",
    "valid": true,
    "num_samples": 12596,
    "duration_seconds": 125.96,
    "PC1_mean": -2.040225650468074e-12,
    "PC1_std": 51.8133450938416,
    "PC1_range": 179.46569831117984,
    "PC1_dominant_freq": 0.390625,
    "PC1_spectral_entropy": 0.08410298746367635,
    "sway_area": 904.5792009822926,
    "mean_distance": 44.870320694559915,
    "path_length": 245.3353217662609
  },
  "initial_rating": 5.457399103139013,
  "final_rating": 5.3408071748878925,
  "rejected_pair_rating_diff": 0.16216216216216217,
  "chosen_pair_rating_diff": -0.6216216216216216,
  "computer_pair_rating_diff": 0.0,
  "timeout_count": 6
}