{
  "name": "BetulCaliskan",
  "gender": "Female",
  "gender_code": "K",
  "age": 18,
  "weight": 47,
  "height": 155,
  "bmi": 19.56,
  "pre_itug_metrics": {
    "test_type": "Pre_ITUG",
    "valid": true,
    "num_samples": 131,
    "duration_seconds": 1.31,
    "PC1_mean": 9.522899856290138e-13,
    "PC1_std": 0.5409630097997297,
    "PC1_range": 1.8520387540696879,
    "PC1_dominant_freq": 0.7633587786259541,
    "PC1_spectral_entropy": 0.05694931379035938,
    "stride_frequency": null,
    "num_strides": 0
  },
  "pre_isway_metrics": {
    "test_type": "Pre_ISWAY",
    "valid": true,
    "num_samples": 12509,
    "duration_seconds": 125.09,
    "PC1_mean": 6.979893786090104e-13,
    "PC1_std": 51.45752939697528,
    "PC1_range": 178.23269396174908,
    "PC1_dominant_freq": 0.390625,
    "PC1_spectral_entropy": 0.08409901968460447,
    "sway_area": 1467.994819682567,
    "mean_distance": 44.562125877924984,
    "path_length": 235.35099938590506
  },
  "post_itug_metrics": {
    "test_type": "Post_ITUG",
    "valid": true,
    "num_samples": 1757,
    "duration_seconds": 17.57,
    "PC1_mean": 2.287971873555118e-13,
    "PC1_std": 7.289653449856274,
    "PC1_range": 24.999251799845617,
    "PC1_dominant_freq": 0.390625,
    "PC1_spectral_entropy": 0.08827894296809931,
    "stride_frequency": null,
    "num_strides": 0
  },
  "post_isway_metrics": {
    "test_type": "Post_ISWAY",
    "valid": true,
    "num_samples": 12480,
    "duration_seconds": 124.8,
    "PC1_mean": 2.3157134329756864e-12,
    "PC1_std": 51.33899307245683,
    "PC1_range": 177.8219162481782,
    "PC1_dominant_freq": 0.390625,
    "PC1_spectral_entropy": 0.0840972602478999,
    "sway_area": 1880.8714826863265,
    "mean_distance": 44.45966932839654,
    "path_length": 262.8899115559608
  },
  "initial_rating": 5.450892857142857,
  "final_rating": 5.116071428571429,
  "rejected_pair_rating_diff": -0.5454545454545454,
  "chosen_pair_rating_diff": -0.34545454545454546,
  "computer_pair_rating_diff": 0.0,
  "timeout_count": 3
}