{
  "name": "BetulCaliskan",
  "gender": "Female",
  "gender_code": "K",
  "age": 18,
  "weight": 47,
  "height": 155,
  "bmi": 19.56,
  "pre_itug_metrics": {
    "test_type": "Pre_ITUG",
    "valid": true,
    "num_samples": 131,
    "duration_seconds": 1.31,
    "PC1_mean": -4.3391922794509933e-16,
    "PC1_std": 2.994404020468375,
    "PC1_range": 10.816635405782469,
    "PC1_dominant_freq": 0.7633587786259541,
    "PC1_spectral_entropy": -0.38359545094697534,
    "stride_frequency": 1.6129032258064517,
    "num_strides": 1
  },
  "pre_isway_metrics": {
    "test_type": "Pre_ISWAY",
    "valid": true,
    "num_samples": 12509,
    "duration_seconds": 125.09,
    "PC1_mean": -3.6353613469219294e-17,
    "PC1_std": 2.4996367619590996,
    "PC1_range": 51.51094840944285,
    "PC1_dominant_freq": 0.390625,
    "PC1_spectral_entropy": -1.0748426971890483,
    "sway_area": 1612.807577846153,
    "mean_distance": 1.109515011492383,
    "path_length": 703.1021064304699
  },
  "post_itug_metrics": {
    "test_type": "Post_ITUG",
    "valid": true,
    "num_samples": 1757,
    "duration_seconds": 17.57,
    "PC1_mean": 0.0,
    "PC1_std": 2.4110527674083544,
    "PC1_range": 9.973942779862673,
    "PC1_dominant_freq": 0.390625,
    "PC1_spectral_entropy": 0.5026930300148827,
    "stride_frequency": 1.3325608342989572,
    "num_strides": 23
  },
  "post_isway_metrics": {
    "test_type": "Post_ISWAY",
    "valid": true,
    "num_samples": 12480,
    "duration_seconds": 124.8,
    "PC1_mean": -1.4575235605335388e-16,
    "PC1_std": 2.5693017759545813,
    "PC1_range": 51.289711498843985,
    "PC1_dominant_freq": 0.390625,
    "PC1_spectral_entropy": -0.815900605297801,
    "sway_area": 1313.5286593622654,
    "mean_distance": 1.3302904897486256,
    "path_length": 573.7167130190543
  },
  "initial_rating": 5.450892857142857,
  "final_rating": 5.116071428571429,
  "rejected_pair_rating_diff": -0.5454545454545454,
  "chosen_pair_rating_diff": -0.34545454545454546,
  "computer_pair_rating_diff": 0.0,
  "timeout_count": 3
}