{
  "name": "DurcanAy",
  "gender": "Female",
  "gender_code": "K",
  "age": 22,
  "weight": 63,
  "height": 162,
  "bmi": 24.01,
  "pre_itug_metrics": {
    "test_type": "Pre_ITUG",
    "valid": true,
    "num_samples": 1463,
    "duration_seconds": 14.63,
    "PC1_mean": 8.330300070920873e-14,
    "PC1_std": 6.079499106396079,
    "PC1_range": 20.595860185504375,
    "PC1_dominant_freq": 0.390625,
    "PC1_spectral_entropy": 0.11017584317220211,
    "stride_frequency": 0.1598721023181455,
    "num_strides": 2
  },
  "pre_isway_metrics": {
    "test_type": "Pre_ISWAY",
    "valid": true,
    "num_samples": 12665,
    "duration_seconds": 126.65,
    "PC1_mean": -1.9762569437655733e-13,
    "PC1_std": 52.10308863740995,
    "PC1_range": 180.46864621958525,
    "PC1_dominant_freq": 0.390625,
    "PC1_spectral_entropy": 0.0840894632010959,
    "sway_area": 884.0386853085525,
    "mean_distance": 45.12184332319555,
    "path_length": 217.03946917241416
  },
  "post_itug_metrics": {
    "test_type": "Post_ITUG",
    "valid": true,
    "num_samples": 2072,
    "duration_seconds": 20.72,
    "PC1_mean": 5.978435250071082e-13,
    "PC1_std": 8.530652381171656,
    "PC1_range": 29.497780468926045,
    "PC1_dominant_freq": 0.390625,
    "PC1_spectral_entropy": 0.0845525915770759,
    "stride_frequency": null,
    "num_strides": 0
  },
  "post_isway_metrics": {
    "test_type": "Post_ISWAY",
    "valid": true,
    "num_samples": 13083,
    "duration_seconds": 130.83,
    "PC1_mean": -9.120668414936037e-13,
    "PC1_std": 53.82364983376478,
    "PC1_range": 186.4289589526092,
    "PC1_dominant_freq": 0.390625,
    "PC1_spectral_entropy": 0.0840891757609037,
    "sway_area": 1377.0807466734113,
    "mean_distance": 46.611410180681965,
    "path_length": 249.64535518743605
  },
  "initial_rating": 6.459821428571429,
  "final_rating": 6.464285714285714,
  "rejected_pair_rating_diff": -0.09375,
  "chosen_pair_rating_diff": -0.140625,
  "computer_pair_rating_diff": 0.0,
  "timeout_count": 11
}