{
  "name": "DurcanAy",
  "gender": "Female",
  "gender_code": "K",
  "age": 22,
  "weight": 63,
  "height": 162,
  "bmi": 24.01,
  "pre_itug_metrics": {
    "test_type": "Pre_ITUG",
    "valid": true,
    "num_samples": 1463,
    "duration_seconds": 14.63,
    "PC1_mean": 1.5541604609927005e-16,
    "PC1_std": 2.180237753869478,
    "PC1_range": 13.63983461695062,
    "PC1_dominant_freq": 0.390625,
    "PC1_spectral_entropy": 0.273456317043906,
    "stride_frequency": 1.1921458625525947,
    "num_strides": 17
  },
  "pre_isway_metrics": {
    "test_type": "Pre_ISWAY",
    "valid": true,
    "num_samples": 12665,
    "duration_seconds": 126.65,
    "PC1_mean": 3.5905831100391956e-17,
    "PC1_std": 2.4319272855553957,
    "PC1_range": 49.680817747505,
    "PC1_dominant_freq": 0.390625,
    "PC1_spectral_entropy": -0.26251967624971057,
    "sway_area": 1142.5914888099915,
    "mean_distance": 0.9576850261626628,
    "path_length": 518.2469409136484
  },
  "post_itug_metrics": {
    "test_type": "Post_ITUG",
    "valid": true,
    "num_samples": 2072,
    "duration_seconds": 20.72,
    "PC1_mean": 1.0973632984711972e-16,
    "PC1_std": 2.3158474317605293,
    "PC1_range": 18.900685724301535,
    "PC1_dominant_freq": 0.390625,
    "PC1_spectral_entropy": 0.29788231946774135,
    "stride_frequency": 1.3081395348837208,
    "num_strides": 27
  },
  "post_isway_metrics": {
    "test_type": "Post_ISWAY",
    "valid": true,
    "num_samples": 13083,
    "duration_seconds": 130.83,
    "PC1_mean": 1.0427593462198214e-16,
    "PC1_std": 2.627634413916615,
    "PC1_range": 60.45882388021812,
    "PC1_dominant_freq": 0.390625,
    "PC1_spectral_entropy": -0.4995096656793608,
    "sway_area": 1145.6781686923746,
    "mean_distance": 1.2371281599052344,
    "path_length": 600.9646538105906
  },
  "initial_rating": 6.459821428571429,
  "final_rating": 6.464285714285714,
  "rejected_pair_rating_diff": -0.09375,
  "chosen_pair_rating_diff": -0.140625,
  "computer_pair_rating_diff": 0.0,
  "timeout_count": 11
}