{
  "name": "ElifSancak",
  "gender": "Female",
  "gender_code": "K",
  "age": 18,
  "weight": 54,
  "height": 155,
  "bmi": 22.48,
  "pre_itug_metrics": {
    "test_type": "Pre_ITUG",
    "valid": true,
    "num_samples": 2308,
    "duration_seconds": 23.08,
    "PC1_mean": 9.331384115243908e-13,
    "PC1_std": 9.537038864346028,
    "PC1_range": 32.73948133417254,
    "PC1_dominant_freq": 0.390625,
    "PC1_spectral_entropy": 0.09402608080218244,
    "stride_frequency": 0.052029136316337155,
    "num_strides": 1
  },
  "pre_isway_metrics": {
    "test_type": "Pre_ISWAY",
    "valid": true,
    "num_samples": 12638,
    "duration_seconds": 126.38,
    "PC1_mean": 1.7133446636975688e-12,
    "PC1_std": 51.99015784773428,
    "PC1_range": 180.07772051022857,
    "PC1_dominant_freq": 0.390625,
    "PC1_spectral_entropy": 0.08409468235673798,
    "sway_area": 1741.0060067603772,
    "mean_distance": 45.023601015858816,
    "path_length": 265.83537462748376
  },
  "post_itug_metrics": {
    "test_type": "Post_ITUG",
    "valid": true,
    "num_samples": 1762,
    "duration_seconds": 17.62,
    "PC1_mean": -1.6176824037209744e-12,
    "PC1_std": 7.2810176579516135,
    "PC1_range": 24.958786150543123,
    "PC1_dominant_freq": 0.390625,
    "PC1_spectral_entropy": 0.09350088170503444,
    "stride_frequency": 0.07423904974016332,
    "num_strides": 1
  },
  "post_isway_metrics": {
    "test_type": "Post_ISWAY",
    "valid": true,
    "num_samples": 12616,
    "duration_seconds": 126.16,
    "PC1_mean": 1.0011939139364639e-12,
    "PC1_std": 51.898233938946184,
    "PC1_range": 179.75910552142483,
    "PC1_dominant_freq": 0.390625,
    "PC1_spectral_entropy": 0.08409785880453441,
    "sway_area": 1350.6828635863417,
    "mean_distance": 44.94379754790453,
    "path_length": 234.69060265914152
  },
  "initial_rating": 5.285714285714286,
  "final_rating": 5.071428571428571,
  "rejected_pair_rating_diff": -0.4339622641509434,
  "chosen_pair_rating_diff": -0.2830188679245283,
  "computer_pair_rating_diff": 0.0,
  "timeout_count": 35
}