{
  "name": "ElifSancak",
  "gender": "Female",
  "gender_code": "K",
  "age": 18,
  "weight": 54,
  "height": 155,
  "bmi": 22.48,
  "pre_itug_metrics": {
    "test_type": "Pre_ITUG",
    "valid": true,
    "num_samples": 2308,
    "duration_seconds": 23.08,
    "PC1_mean": 1.970309145955217e-16,
    "PC1_std": 2.305944943013634,
    "PC1_range": 16.425109199058,
    "PC1_dominant_freq": 0.390625,
    "PC1_spectral_entropy": 0.5048007191215534,
    "stride_frequency": 1.3333333333333333,
    "num_strides": 30
  },
  "pre_isway_metrics": {
    "test_type": "Pre_ISWAY",
    "valid": true,
    "num_samples": 12638,
    "duration_seconds": 126.38,
    "PC1_mean": -3.37336320189951e-18,
    "PC1_std": 2.673386063582786,
    "PC1_range": 64.28476351145069,
    "PC1_dominant_freq": 0.390625,
    "PC1_spectral_entropy": -1.2321141900646946,
    "sway_area": 1686.7955164066323,
    "mean_distance": 1.0240891781206227,
    "path_length": 752.7097356685422
  },
  "post_itug_metrics": {
    "test_type": "Post_ITUG",
    "valid": true,
    "num_samples": 1762,
    "duration_seconds": 17.62,
    "PC1_mean": 0.0,
    "PC1_std": 2.1485844471158924,
    "PC1_range": 8.837372259822471,
    "PC1_dominant_freq": 0.390625,
    "PC1_spectral_entropy": 0.44077812013665035,
    "stride_frequency": 1.4857142857142855,
    "num_strides": 26
  },
  "post_isway_metrics": {
    "test_type": "Post_ISWAY",
    "valid": true,
    "num_samples": 12616,
    "duration_seconds": 126.16,
    "PC1_mean": 0.0,
    "PC1_std": 2.54507866421384,
    "PC1_range": 56.5279951922657,
    "PC1_dominant_freq": 0.390625,
    "PC1_spectral_entropy": -1.199547260593913,
    "sway_area": 1566.166040650577,
    "mean_distance": 1.616108519370553,
    "path_length": 667.2445114607815
  },
  "initial_rating": 5.285714285714286,
  "final_rating": 5.071428571428571,
  "rejected_pair_rating_diff": -0.4339622641509434,
  "chosen_pair_rating_diff": -0.2830188679245283,
  "computer_pair_rating_diff": 0.0,
  "timeout_count": 35
}