{
  "sample_size": 49,
  "correlations": {
    "pre_itug_pc1_std_vs_cognitive_dissonance_score": {
      "pearson_r": 0.010158533682622421,
      "pearson_p": 0.9447701230130424,
      "spearman_r": 0.04704081632653061,
      "spearman_p": 0.7482385346272267,
      "n_samples": "49"
    },
    "pre_itug_pc1_std_vs_chosen_pair_rating_diff": {
      "pearson_r": -0.06047842983411017,
      "pearson_p": 0.6797543441587007,
      "spearman_r": -0.07846938775510202,
      "spearman_p": 0.5920046433255273,
      "n_samples": "49"
    },
    "pre_itug_pc1_std_vs_rejected_pair_rating_diff": {
      "pearson_r": -0.10863968935238613,
      "pearson_p": 0.45745181537353896,
      "spearman_r": -0.12072044507779785,
      "spearman_p": 0.40865881606593113,
      "n_samples": "49"
    },
    "pre_itug_pc1_std_vs_rating_change": {
      "pearson_r": -0.11255030876679259,
      "pearson_p": 0.44132076828959416,
      "spearman_r": -0.22552746449706898,
      "spearman_p": 0.1192126339425784,
      "n_samples": "49"
    },
    "pre_itug_pc1_range_vs_cognitive_dissonance_score": {
      "pearson_r": 0.011382947698835931,
      "pearson_p": 0.9381254669777713,
      "spearman_r": 0.049081632653061216,
      "spearman_p": 0.737697516937967,
      "n_samples": "49"
    },
    "pre_itug_pc1_range_vs_chosen_pair_rating_diff": {
      "pearson_r": -0.06062893802705196,
      "pearson_p": 0.6790003929066377,
      "spearman_r": -0.08244897959183672,
      "spearman_p": 0.5732959158316797,
      "n_samples": "49"
    },
    "pre_itug_pc1_range_vs_rejected_pair_rating_diff": {
      "pearson_r": -0.10970743769516092,
      "pearson_p": 0.45301592103892485,
      "spearman_r": -0.12577172321080798,
      "spearman_p": 0.3891824744743506,
      "n_samples": "49"
    },
    "pre_itug_pc1_range_vs_rating_change": {
      "pearson_r": -0.11244155998477814,
      "pearson_p": 0.44176504251567367,
      "spearman_r": -0.231752430711694,
      "spearman_p": 0.10909214017669058,
      "n_samples": "49"
    },
    "pre_itug_spectral_entropy_vs_cognitive_dissonance_score": {
      "pearson_r": -0.05833866676612868,
      "pearson_p": 0.690506433433897,
      "spearman_r": -0.14561224489795918,
      "spearman_p": 0.3181308989481365,
      "n_samples": "49"
    },
    "pre_itug_spectral_entropy_vs_chosen_pair_rating_diff": {
      "pearson_r": 0.05543927565278626,
      "pearson_p": 0.7051721824050939,
      "spearman_r": 0.031224489795918367,
      "spearman_p": 0.8313419340641999,
      "n_samples": "49"
    },
    "pre_itug_spectral_entropy_vs_rejected_pair_rating_diff": {
      "pearson_r": 0.17908978535965106,
      "pearson_p": 0.21822970418389925,
      "spearman_r": 0.18679524489848603,
      "spearman_p": 0.19873719319190433,
      "n_samples": "49"
    },
    "pre_itug_spectral_entropy_vs_rating_change": {
      "pearson_r": 0.13299073101442843,
      "pearson_p": 0.36231738118216356,
      "spearman_r": 0.011021251658680295,
      "spearman_p": 0.9400879072445882,
      "n_samples": "49"
    },
    "pre_itug_stride_frequency_vs_cognitive_dissonance_score": {
      "pearson_r": 0.030491762014547733,
      "pearson_p": 0.8352441573587378,
      "spearman_r": 0.06499410011244776,
      "spearman_p": 0.6572714589349282,
      "n_samples": "49"
    },
    "pre_itug_stride_frequency_vs_chosen_pair_rating_diff": {
      "pearson_r": 0.09758378499811039,
      "pearson_p": 0.5047419753897814,
      "spearman_r": 0.1129929125568228,
      "spearman_p": 0.4395151449745466,
      "n_samples": "49"
    },
    "pre_itug_stride_frequency_vs_rejected_pair_rating_diff": {
      "pearson_r": 0.03880605329813808,
      "pearson_p": 0.7912178218971757,
      "spearman_r": -0.07148685733103541,
      "spearman_p": 0.625468298809277,
      "n_samples": "49"
    },
    "pre_itug_stride_frequency_vs_rating_change": {
      "pearson_r": 0.21174034257704916,
      "pearson_p": 0.144142322536028,
      "spearman_r": 0.13303693344405182,
      "spearman_p": 0.36214914865701686,
      "n_samples": "49"
    },
    "pre_isway_pc1_std_vs_cognitive_dissonance_score": {
      "pearson_r": 0.07788150237060451,
      "pearson_p": 0.5947912135884227,
      "spearman_r": -0.01724489795918367,
      "spearman_p": 0.9063793085688048,
      "n_samples": "49"
    },
    "pre_isway_pc1_std_vs_chosen_pair_rating_diff": {
      "pearson_r": 0.024345207273218643,
      "pearson_p": 0.8681241900372353,
      "spearman_r": 0.07020408163265306,
      "spearman_p": 0.6317007758446516,
      "n_samples": "49"
    },
    "pre_isway_pc1_std_vs_rejected_pair_rating_diff": {
      "pearson_r": -0.040235425615308955,
      "pearson_p": 0.7837093981352605,
      "spearman_r": -0.012551660815358526,
      "spearman_p": 0.9317869691880284,
      "n_samples": "49"
    },
    "pre_isway_pc1_std_vs_rating_change": {
      "pearson_r": -0.22315538745272637,
      "pearson_p": 0.12325103769571077,
      "spearman_r": -0.23797739692631895,
      "spearman_p": 0.09964257514496316,
      "n_samples": "49"
    },
    "pre_isway_pc1_range_vs_cognitive_dissonance_score": {
      "pearson_r": 0.06356677311082304,
      "pearson_p": 0.6643467033067165,
      "spearman_r": -0.01724489795918367,
      "spearman_p": 0.9063793085688048,
      "n_samples": "49"
    },
    "pre_isway_pc1_range_vs_chosen_pair_rating_diff": {
      "pearson_r": 0.030168929986039907,
      "pearson_p": 0.8369646874519033,
      "spearman_r": 0.06714285714285713,
      "spearman_p": 0.6466760824202926,
      "n_samples": "49"
    },
    "pre_isway_pc1_range_vs_rejected_pair_rating_diff": {
      "pearson_r": -0.027786266171724208,
      "pearson_p": 0.8496859057292503,
      "spearman_r": -0.01265370683824762,
      "spearman_p": 0.9312337171339984,
      "n_samples": "49"
    },
    "pre_isway_pc1_range_vs_rating_change": {
      "pearson_r": -0.2146970206801642,
      "pearson_p": 0.13849508132843133,
      "spearman_r": -0.23899788319101156,
      "spearman_p": 0.09815567454896573,
      "n_samples": "49"
    },
    "pre_isway_spectral_entropy_vs_cognitive_dissonance_score": {
      "pearson_r": 0.03602633917674906,
      "pearson_p": 0.8058727507810217,
      "spearman_r": -0.1030612244897959,
      "spearman_p": 0.48100655261862657,
      "n_samples": "49"
    },
    "pre_isway_spectral_entropy_vs_chosen_pair_rating_diff": {
      "pearson_r": 0.020351433344065827,
      "pearson_p": 0.8896108156829019,
      "spearman_r": 0.02214285714285714,
      "spearman_p": 0.8799622545452193,
      "n_samples": "49"
    },
    "pre_isway_spectral_entropy_vs_rejected_pair_rating_diff": {
      "pearson_r": -0.00951774323988071,
      "pearson_p": 0.948249079116498,
      "spearman_r": 0.11469972972734131,
      "spearman_p": 0.4325906638637943,
      "n_samples": "49"
    },
    "pre_isway_spectral_entropy_vs_rating_change": {
      "pearson_r": -0.10462488138535947,
      "pearson_p": 0.4743403872137809,
      "spearman_r": -0.10730413073242898,
      "spearman_p": 0.4630333693735518,
      "n_samples": "49"
    },
    "pre_isway_sway_area_vs_cognitive_dissonance_score": {
      "pearson_r": -0.10173624639750743,
      "pearson_p": 0.4866935842904684,
      "spearman_r": -0.09204081632653059,
      "spearman_p": 0.5293551782292496,
      "n_samples": "49"
    },
    "pre_isway_sway_area_vs_chosen_pair_rating_diff": {
      "pearson_r": 0.011573913470760002,
      "pearson_p": 0.9370894972820283,
      "spearman_r": 0.011122448979591835,
      "spearman_p": 0.9395388088703858,
      "n_samples": "49"
    },
    "pre_isway_sway_area_vs_rejected_pair_rating_diff": {
      "pearson_r": 0.07730691061049107,
      "pearson_p": 0.5975203601123844,
      "spearman_r": 0.13230266867570997,
      "spearman_p": 0.3648283598114016,
      "n_samples": "49"
    },
    "pre_isway_sway_area_vs_rating_change": {
      "pearson_r": -0.007503986392706894,
      "pearson_p": 0.9591880129150062,
      "spearman_r": 0.03811516198626936,
      "spearman_p": 0.7948538178003057,