{
  "name": "Maheen",
  "gender": "Female",
  "gender_code": "K",
  "age": 20,
  "weight": 60,
  "height": 165,
  "bmi": 22.04,
  "pre_itug_metrics": {
    "test_type": "Pre_ITUG",
    "valid": true,
    "num_samples": 2451,
    "duration_seconds": 24.51,
    "PC1_mean": 7.413995977732805e-13,
    "PC1_std": 10.100433513753634,
    "PC1_range": 34.85628249240994,
    "PC1_dominant_freq": 0.390625,
    "PC1_spectral_entropy": 0.08450671276103351,
    "stride_frequency": null,
    "num_strides": 0
  },
  "pre_isway_metrics": {
    "test_type": "Pre_ISWAY",
    "valid": true,
    "num_samples": 12799,
    "duration_seconds": 127.99,
    "PC1_mean": -1.973757702667775e-12,
    "PC1_std": 52.653830621742195,
    "PC1_range": 182.37672503155582,
    "PC1_dominant_freq": 0.390625,
    "PC1_spectral_entropy": 0.08409173868865194,
    "sway_area": 384.10507759936036,
    "mean_distance": 45.597953936644,
    "path_length": 192.96410127153865
  },
  "post_itug_metrics": {
    "test_type": "Post_ITUG",
    "valid": true,
    "num_samples": 2201,
    "duration_seconds": 22.01,
    "PC1_mean": 5.7106845881426025e-12,
    "PC1_std": 9.082102906030777,
    "PC1_range": 31.258441131559792,
    "PC1_dominant_freq": 0.390625,
    "PC1_spectral_entropy": 0.0846342453672281,
    "stride_frequency": null,
    "num_strides": 0
  },
  "post_isway_metrics": {
    "test_type": "Post_ISWAY",
    "valid": true,
    "num_samples": 6140,
    "duration_seconds": 61.4,
    "PC1_mean": 2.2278176408248925e-13,
    "PC1_std": 25.270480801450663,
    "PC1_range": 87.60901255151202,
    "PC1_dominant_freq": 0.390625,
    "PC1_spectral_entropy": 0.0839951274964165,
    "sway_area": 207.76860691913947,
    "mean_distance": 21.88100933620787,
    "path_length": 104.95373745687739
  },
  "initial_rating": 6.004464285714286,
  "final_rating": 5.602678571428571,
  "rejected_pair_rating_diff": -0.9344262295081968,
  "chosen_pair_rating_diff": -0.5081967213114754,
  "computer_pair_rating_diff": 0.0,
  "timeout_count": 21
}