{
  "name": "Maheen",
  "gender": "Female",
  "gender_code": "K",
  "age": 20,
  "weight": 60,
  "height": 165,
  "bmi": 22.04,
  "pre_itug_metrics": {
    "test_type": "Pre_ITUG",
    "valid": true,
    "num_samples": 2451,
    "duration_seconds": 24.51,
    "PC1_mean": -2.3191929359774792e-17,
    "PC1_std": 2.210230307979206,
    "PC1_range": 18.516927062978393,
    "PC1_dominant_freq": 0.390625,
    "PC1_spectral_entropy": -0.29891179371205634,
    "stride_frequency": 1.1522633744855963,
    "num_strides": 28
  },
  "pre_isway_metrics": {
    "test_type": "Pre_ISWAY",
    "valid": true,
    "num_samples": 12799,
    "duration_seconds": 127.99,
    "PC1_mean": -8.882478140605987e-18,
    "PC1_std": 2.641776118308471,
    "PC1_range": 43.575151759128666,
    "PC1_dominant_freq": 0.390625,
    "PC1_spectral_entropy": -1.2378724603705242,
    "sway_area": 1123.2418349295374,
    "mean_distance": 1.0716709839935683,
    "path_length": 578.2449087072581
  },
  "post_itug_metrics": {
    "test_type": "Post_ITUG",
    "valid": true,
    "num_samples": 2201,
    "duration_seconds": 22.01,
    "PC1_mean": 0.0,
    "PC1_std": 2.4698606566383208,
    "PC1_range": 11.444805205861073,
    "PC1_dominant_freq": 0.390625,
    "PC1_spectral_entropy": 0.07439422048663284,
    "stride_frequency": 1.2295081967213115,
    "num_strides": 27
  },
  "post_isway_metrics": {
    "test_type": "Post_ISWAY",
    "valid": true,
    "num_samples": 6140,
    "duration_seconds": 61.4,
    "PC1_mean": 0.0,
    "PC1_std": 2.6679257491998754,
    "PC1_range": 33.940616716515024,
    "PC1_dominant_freq": 0.390625,
    "PC1_spectral_entropy": -1.035250379694753,
    "sway_area": 742.0162728086707,
    "mean_distance": 1.490757658819556,
    "path_length": 294.88278334084214
  },
  "initial_rating": 6.004464285714286,
  "final_rating": 5.602678571428571,
  "rejected_pair_rating_diff": -0.9344262295081968,
  "chosen_pair_rating_diff": -0.5081967213114754,
  "computer_pair_rating_diff": 0.0,
  "timeout_count": 21
}