{
  "name": "RozelinSevin",
  "gender": "Female",
  "gender_code": "K",
  "age": 21,
  "weight": 55,
  "height": 169,
  "bmi": 19.26,
  "pre_itug_metrics": {
    "test_type": "Pre_ITUG",
    "valid": true,
    "num_samples": 1555,
    "duration_seconds": 15.55,
    "PC1_mean": -2.9244202629354606e-16,
    "PC1_std": 2.214221845406188,
    "PC1_range": 8.761640079300065,
    "PC1_dominant_freq": 0.390625,
    "PC1_spectral_entropy": 0.19121295878656971,
    "stride_frequency": 1.3253810470510272,
    "num_strides": 20
  },
  "pre_isway_metrics": {
    "test_type": "Pre_ISWAY",
    "valid": true,
    "num_samples": 12482,
    "duration_seconds": 124.82,
    "PC1_mean": -7.286450102330782e-17,
    "PC1_std": 2.7198997892621763,
    "PC1_range": 50.495659512288285,
    "PC1_dominant_freq": 0.390625,
    "PC1_spectral_entropy": -0.3136919452487579,
    "sway_area": 1526.1885001880062,
    "mean_distance": 1.9647606542796232,
    "path_length": 815.9954471050904
  },
  "post_itug_metrics": {
    "test_type": "Post_ITUG",
    "valid": true,
    "num_samples": 1622,
    "duration_seconds": 16.22,
    "PC1_mean": 0.0,
    "PC1_std": 2.2860903253873066,
    "PC1_range": 10.197389628810225,
    "PC1_dominant_freq": 0.390625,
    "PC1_spectral_entropy": 0.15276539746140855,
    "stride_frequency": 1.4529374605180039,
    "num_strides": 23
  },
  "post_isway_metrics": {
    "test_type": "Post_ISWAY",
    "valid": true,
    "num_samples": 12466,
    "duration_seconds": 124.66,
    "PC1_mean": -3.647901098078486e-17,
    "PC1_std": 2.6457559185226733,
    "PC1_range": 56.25297025600044,
    "PC1_dominant_freq": 0.390625,
    "PC1_spectral_entropy": -0.6004973480212041,
    "sway_area": 1845.4158255483908,
    "mean_distance": 1.2501964400907477,
    "path_length": 665.6114599418156
  },
  "initial_rating": 4.258928571428571,
  "final_rating": 4.602678571428571,
  "rejected_pair_rating_diff": -0.8181818181818182,
  "chosen_pair_rating_diff": -0.9545454545454546,
  "computer_pair_rating_diff": 1.0,
  "timeout_count": 8
}