{
  "name": "RozelinSevin",
  "gender": "Female",
  "gender_code": "K",
  "age": 21,
  "weight": 55,
  "height": 169,
  "bmi": 19.26,
  "pre_itug_metrics": {
    "test_type": "Pre_ITUG",
    "valid": true,
    "num_samples": 1555,
    "duration_seconds": 15.55,
    "PC1_mean": 4.181336091945121e-12,
    "PC1_std": 6.425887540347436,
    "PC1_range": 22.014307662279496,
    "PC1_dominant_freq": 0.390625,
    "PC1_spectral_entropy": 0.08601256331930217,
    "stride_frequency": 0.07309941520467836,
    "num_strides": 1
  },
  "pre_isway_metrics": {
    "test_type": "Pre_ISWAY",
    "valid": true,
    "num_samples": 12482,
    "duration_seconds": 124.82,
    "PC1_mean": -2.0518643488163482e-13,
    "PC1_std": 51.346834043912395,
    "PC1_range": 177.84902260491305,
    "PC1_dominant_freq": 0.390625,
    "PC1_spectral_entropy": 0.08409833790129898,
    "sway_area": 1128.1407584250003,
    "mean_distance": 44.46620287266555,
    "path_length": 246.52802143242653
  },
  "post_itug_metrics": {
    "test_type": "Post_ITUG",
    "valid": true,
    "num_samples": 1622,
    "duration_seconds": 16.22,
    "PC1_mean": -1.3552704649723599e-12,
    "PC1_std": 6.691364706656247,
    "PC1_range": 23.042030178555613,
    "PC1_dominant_freq": 0.390625,
    "PC1_spectral_entropy": 0.08584471504881437,
    "stride_frequency": null,
    "num_strides": 0
  },
  "post_isway_metrics": {
    "test_type": "Post_ISWAY",
    "valid": true,
    "num_samples": 12466,
    "duration_seconds": 124.66,
    "PC1_mean": -5.743255488814769e-13,
    "PC1_std": 51.283710594970245,
    "PC1_range": 177.630564543988,
    "PC1_dominant_freq": 0.390625,
    "PC1_spectral_entropy": 0.08409235565057326,
    "sway_area": 1110.1029747115954,
    "mean_distance": 44.41152268162632,
    "path_length": 233.76795287780664
  },
  "initial_rating": 4.258928571428571,
  "final_rating": 4.602678571428571,
  "rejected_pair_rating_diff": -0.8181818181818182,
  "chosen_pair_rating_diff": -0.9545454545454546,
  "computer_pair_rating_diff": 1.0,
  "timeout_count": 8
}