{
  "name": "Gulsimaboruza",
  "gender": "Female",
  "gender_code": "K",
  "age": 22,
  "weight": 65,
  "height": 162,
  "bmi": 24.77,
  "pre_itug_metrics": {
    "test_type": "Pre_ITUG",
    "valid": true,
    "num_samples": 1686,
    "duration_seconds": 16.86,
    "PC1_mean": 0.0,
    "PC1_std": 2.446725352384436,
    "PC1_range": 15.315727336192266,
    "PC1_dominant_freq": 0.390625,
    "PC1_spectral_entropy": -0.2047295725841113,
    "stride_frequency": 1.280487804878049,
    "num_strides": 21
  },
  "pre_isway_metrics": {
    "test_type": "Pre_ISWAY",
    "valid": true,
    "num_samples": 6163,
    "duration_seconds": 61.63,
    "PC1_mean": -7.37866868224021e-17,
    "PC1_std": 2.926906874122683,
    "PC1_range": 37.79719758435259,
    "PC1_dominant_freq": 0.390625,
    "PC1_spectral_entropy": -1.3010581557490364,
    "sway_area": 438.9738350034236,
    "mean_distance": 1.7319682088132944,
    "path_length": 279.353813292992
  },
  "post_itug_metrics": {
    "test_type": "Post_ITUG",
    "valid": true,
    "num_samples": 1655,
    "duration_seconds": 16.55,
    "PC1_mean": 0.0,
    "PC1_std": 2.5416244729031554,
    "PC1_range": 17.919099192993,
    "PC1_dominant_freq": 0.390625,
    "PC1_spectral_entropy": 0.05886352070504344,
    "stride_frequency": 1.3555144793592113,
    "num_strides": 22
  },
  "post_isway_metrics": {
    "test_type": "Post_ISWAY",
    "valid": true,
    "num_samples": 12506,
    "duration_seconds": 125.06,
    "PC1_mean": 5.454350122578732e-17,
    "PC1_std": 2.7869918256629655,
    "PC1_range": 64.72678350238985,
    "PC1_dominant_freq": 0.390625,
    "PC1_spectral_entropy": -0.9531959426632916,
    "sway_area": 1456.1592973694967,
    "mean_distance": 1.2953070944294394,
    "path_length": 648.7888352291619
  },
  "initial_rating": 5.125,
  "final_rating": 5.080357142857143,
  "rejected_pair_rating_diff": -0.2909090909090909,
  "chosen_pair_rating_diff": -0.14545454545454545,
  "computer_pair_rating_diff": 0.0,
  "timeout_count": 12
}