{
  "name": "Gulsimaboruza",
  "gender": "Female",
  "gender_code": "K",
  "age": 22,
  "weight": 65,
  "height": 162,
  "bmi": 24.77,
  "pre_itug_metrics": {
    "test_type": "Pre_ITUG",
    "valid": true,
    "num_samples": 1686,
    "duration_seconds": 16.86,
    "PC1_mean": -9.407821826168368e-13,
    "PC1_std": 6.974136225026793,
    "PC1_range": 23.8692830875312,
    "PC1_dominant_freq": 0.390625,
    "PC1_spectral_entropy": 0.08617290338603824,
    "stride_frequency": null,
    "num_strides": 0
  },
  "pre_isway_metrics": {
    "test_type": "Pre_ISWAY",
    "valid": true,
    "num_samples": 6163,
    "duration_seconds": 61.63,
    "PC1_mean": 1.0200271586328866e-12,
    "PC1_std": 26.419873826987327,
    "PC1_range": 110.15192823712846,
    "PC1_dominant_freq": 0.390625,
    "PC1_spectral_entropy": -1.05422273934165,
    "sway_area": 643.0314718996145,
    "mean_distance": 22.474658639800058,
    "path_length": 155.42898696522963
  },
  "post_itug_metrics": {
    "test_type": "Post_ITUG",
    "valid": true,
    "num_samples": 1655,
    "duration_seconds": 16.55,
    "PC1_mean": -1.401336247444693e-13,
    "PC1_std": 6.8596427688983574,
    "PC1_range": 23.488633177018563,
    "PC1_dominant_freq": 0.390625,
    "PC1_spectral_entropy": 0.08555578839095286,
    "stride_frequency": null,
    "num_strides": 0
  },
  "post_isway_metrics": {
    "test_type": "Post_ISWAY",
    "valid": true,
    "num_samples": 12506,
    "duration_seconds": 125.06,
    "PC1_mean": -2.632051195151593e-12,
    "PC1_std": 51.4485687081144,
    "PC1_range": 178.20164872163258,
    "PC1_dominant_freq": 0.390625,
    "PC1_spectral_entropy": 0.08409142197239274,
    "sway_area": 768.8781070094494,
    "mean_distance": 44.55415721402914,
    "path_length": 209.47581062887625
  },
  "initial_rating": 5.125,
  "final_rating": 5.080357142857143,
  "rejected_pair_rating_diff": -0.2909090909090909,
  "chosen_pair_rating_diff": -0.14545454545454545,
  "computer_pair_rating_diff": 0.0,
  "timeout_count": 12
}