{
  "name": "AhmetLutfullah",
  "gender": "Male",
  "gender_code": "E",
  "age": 19,
  "weight": 83,
  "height": 183,
  "bmi": 24.78,
  "pre_itug_metrics": {
    "test_type": "Pre_ITUG",
    "valid": true,
    "num_samples": 2670,
    "duration_seconds": 26.7,
    "PC1_mean": -1.7093050237814808e-12,
    "PC1_std": 10.987698800220057,
    "PC1_range": 38.02357597969133,
    "PC1_dominant_freq": 0.390625,
    "PC1_spectral_entropy": 0.08447537882199646,
    "stride_frequency": 0.23148148148148145,
    "num_strides": 5
  },
  "pre_isway_metrics": {
    "test_type": "Pre_ISWAY",
    "valid": true,
    "num_samples": 6162,
    "duration_seconds": 61.62,
    "PC1_mean": -3.6367980285110276e-13,
    "PC1_std": 26.069653528994102,
    "PC1_range": 103.65710870796366,
    "PC1_dominant_freq": 0.390625,
    "PC1_spectral_entropy": -0.12250631821750345,
    "sway_area": 239.4432169926058,
    "mean_distance": 22.322387930027013,
    "path_length": 115.24900084149411
  },
  "post_itug_metrics": {
    "test_type": "Post_ITUG",
    "valid": true,
    "num_samples": 2163,
    "duration_seconds": 21.63,
    "PC1_mean": -2.3471102289858924e-12,
    "PC1_std": 8.911468469584088,
    "PC1_range": 30.77832374728124,
    "PC1_dominant_freq": 0.390625,
    "PC1_spectral_entropy": 0.09366080663198718,
    "stride_frequency": 0.21680216802168023,
    "num_strides": 4
  },
  "post_isway_metrics": {
    "test_type": "Post_ISWAY",
    "valid": true,
    "num_samples": 12689,
    "duration_seconds": 126.89,
    "PC1_mean": -1.6193005203289459e-12,
    "PC1_std": 52.200823263376634,
    "PC1_range": 180.80754010188417,
    "PC1_dominant_freq": 0.390625,
    "PC1_spectral_entropy": 0.08409276499627029,
    "sway_area": 919.7648078699799,
    "mean_distance": 45.20581843739463,
    "path_length": 256.01210347262924
  },
  "initial_rating": 4.714285714285714,
  "final_rating": 5.379464285714286,
  "rejected_pair_rating_diff": -1.0666666666666667,
  "chosen_pair_rating_diff": -1.2333333333333334,
  "computer_pair_rating_diff": 2.0,
  "timeout_count": 3
}