{
  "name": "AhmetLutfullah",
  "gender": "Male",
  "gender_code": "E",
  "age": 19,
  "weight": 83,
  "height": 183,
  "bmi": 24.78,
  "pre_itug_metrics": {
    "test_type": "Pre_ITUG",
    "valid": true,
    "num_samples": 2670,
    "duration_seconds": 26.7,
    "PC1_mean": 8.515867994128542e-17,
    "PC1_std": 2.3129419965032825,
    "PC1_range": 11.305858974982161,
    "PC1_dominant_freq": 0.390625,
    "PC1_spectral_entropy": -0.1595387134373984,
    "stride_frequency": 1.2942519984773508,
    "num_strides": 34
  },
  "pre_isway_metrics": {
    "test_type": "Pre_ISWAY",
    "valid": true,
    "num_samples": 6162,
    "duration_seconds": 61.62,
    "PC1_mean": 0.0,
    "PC1_std": 2.660441446369395,
    "PC1_range": 28.139303468216234,
    "PC1_dominant_freq": 0.390625,
    "PC1_spectral_entropy": -0.3773179363306097,
    "sway_area": 428.97133035193923,
    "mean_distance": 1.6181968500633814,
    "path_length": 321.2723991259329
  },
  "post_itug_metrics": {
    "test_type": "Post_ITUG",
    "valid": true,
    "num_samples": 2163,
    "duration_seconds": 21.63,
    "PC1_mean": 0.0,
    "PC1_std": 2.253190697168397,
    "PC1_range": 9.502219703539462,
    "PC1_dominant_freq": 0.390625,
    "PC1_spectral_entropy": -0.11861046545814194,
    "stride_frequency": 1.2987012987012991,
    "num_strides": 28
  },
  "post_isway_metrics": {
    "test_type": "Post_ISWAY",
    "valid": true,
    "num_samples": 12689,
    "duration_seconds": 126.89,
    "PC1_mean": 0.0,
    "PC1_std": 2.578687839381184,
    "PC1_range": 38.41641414559888,
    "PC1_dominant_freq": 0.390625,
    "PC1_spectral_entropy": -1.0169408454548001,
    "sway_area": 936.7535034239382,
    "mean_distance": 1.1157556497445507,
    "path_length": 716.1983877675389
  },
  "initial_rating": 4.714285714285714,
  "final_rating": 5.379464285714286,
  "rejected_pair_rating_diff": -1.0666666666666667,
  "chosen_pair_rating_diff": -1.2333333333333334,
  "computer_pair_rating_diff": 2.0,
  "timeout_count": 3
}