{
    "pre_itug_duration_vs_rating_change": {
        "correlation": -0.11139999206923458,
        "p_value": 0.44603271679615775,
        "n": 49
    },
    "pre_itug_duration_vs_rejected_pair_rating_diff": {
        "correlation": -0.10950127189742861,
        "p_value": 0.453870588627756,
        "n": 49
    },
    "pre_itug_duration_vs_chosen_pair_rating_diff": {
        "correlation": -0.059902779717698446,
        "p_value": 0.6826408434938728,
        "n": 49
    },
    "pre_itug_duration_vs_computer_pair_rating_diff": {
        "correlation": -0.13122291751909537,
        "p_value": 0.3687898916508389,
        "n": 49
    },
    "pre_itug_duration_vs_initial_rating": {
        "correlation": -0.1196773283064457,
        "p_value": 0.41274957296411063,
        "n": 49
    },
    "pre_itug_duration_vs_final_rating": {
        "correlation": -0.16944260652738113,
        "p_value": 0.24445712134496844,
        "n": 49
    },
    "pre_itug_PC1_std_vs_rating_change": {
        "correlation": -0.11255030876679259,
        "p_value": 0.44132076828959416,
        "n": 49
    },
    "pre_itug_PC1_std_vs_rejected_pair_rating_diff": {
        "correlation": -0.10863968935238613,
        "p_value": 0.45745181537353896,
        "n": 49
    },
    "pre_itug_PC1_std_vs_chosen_pair_rating_diff": {
        "correlation": -0.06047842983411017,
        "p_value": 0.6797543441587007,
        "n": 49
    },
    "pre_itug_PC1_std_vs_computer_pair_rating_diff": {
        "correlation": -0.1314315392147652,
        "p_value": 0.3680224618811475,
        "n": 49
    },
    "pre_itug_PC1_std_vs_initial_rating": {
        "correlation": -0.11928330481576893,
        "p_value": 0.41430089011645055,
        "n": 49
    },
    "pre_itug_PC1_std_vs_final_rating": {
        "correlation": -0.16976542168515885,
        "p_value": 0.24354631702066207,
        "n": 49
    },
    "pre_itug_PC1_range_vs_rating_change": {
        "correlation": -0.11244155998477814,
        "p_value": 0.44176504251567367,
        "n": 49
    },
    "pre_itug_PC1_range_vs_rejected_pair_rating_diff": {
        "correlation": -0.10970743769516092,
        "p_value": 0.45301592103892485,
        "n": 49
    },
    "pre_itug_PC1_range_vs_chosen_pair_rating_diff": {
        "correlation": -0.06062893802705196,
        "p_value": 0.6790003929066377,
        "n": 49
    },
    "pre_itug_PC1_range_vs_computer_pair_rating_diff": {
        "correlation": -0.13299559499570784,
        "p_value": 0.36229966819784737,
        "n": 49
    },
    "pre_itug_PC1_range_vs_initial_rating": {
        "correlation": -0.1187601425528042,
        "p_value": 0.4163657902146184,
        "n": 49
    },
    "pre_itug_PC1_range_vs_final_rating": {
        "correlation": -0.16924427960516347,
        "p_value": 0.24501783530855972,
        "n": 49
    },
    "pre_itug_PC1_dominant_freq_vs_rating_change": {
        "correlation": -0.04931148163421899,
        "p_value": 0.7365132688635224,
        "n": 49
    },
    "pre_itug_PC1_dominant_freq_vs_rejected_pair_rating_diff": {
        "correlation": -0.010405269425814153,
        "p_value": 0.9434308225480937,
        "n": 49
    },
    "pre_itug_PC1_dominant_freq_vs_chosen_pair_rating_diff": {
        "correlation": -0.014547145075137463,
        "p_value": 0.9209743707315473,
        "n": 49
    },
    "pre_itug_PC1_dominant_freq_vs_computer_pair_rating_diff": {
        "correlation": 0.0022913611722086462,
        "p_value": 0.9875331843932768,
        "n": 49
    },
    "pre_itug_PC1_dominant_freq_vs_initial_rating": {
        "correlation": -0.008960128935792264,
        "p_value": 0.951277237731419,
        "n": 49
    },
    "pre_itug_PC1_dominant_freq_vs_final_rating": {
        "correlation": -0.036470128740658546,
        "p_value": 0.803528477147597,
        "n": 49
    },
    "pre_itug_stride_frequency_vs_rating_change": {
        "correlation": 0.32984627992071824,
        "p_value": 0.04945996944037613,
        "n": 36
    },
    "pre_itug_stride_frequency_vs_rejected_pair_rating_diff": {
        "correlation": 0.16076667029062305,
        "p_value": 0.3489284056236822,
        "n": 36
    },
    "pre_itug_stride_frequency_vs_chosen_pair_rating_diff": {
        "correlation": 0.23384388033166298,
        "p_value": 0.16985629817830547,
        "n": 36
    },
    "pre_itug_stride_frequency_vs_computer_pair_rating_diff": {
        "correlation": -0.1112060410024771,
        "p_value": 0.5184763511266954,
        "n": 36
    },
    "pre_itug_stride_frequency_vs_initial_rating": {
        "correlation": -0.034571124487199595,
        "p_value": 0.8413507849692732,
        "n": 36
    },
    "pre_itug_stride_frequency_vs_final_rating": {
        "correlation": 0.16579230658420033,
        "p_value": 0.33386556815922874,
        "n": 36
    },
    "pre_itug_num_strides_vs_rating_change": {
        "correlation": 0.10871768196038256,
        "p_value": 0.45712700319056976,
        "n": 49
    },
    "pre_itug_num_strides_vs_rejected_pair_rating_diff": {
        "correlation": -0.06744136361157735,
        "p_value": 0.6452095754260714,
        "n": 49
    },
    "pre_itug_num_strides_vs_chosen_pair_rating_diff": {
        "correlation": 0.01596952842213441,
        "p_value": 0.9132756449420676,
        "n": 49
    },
    "pre_itug_num_strides_vs_computer_pair_rating_diff": {
        "correlation": -0.0854669733959408,
        "p_value": 0.5592913803275692,
        "n": 49
    },
    "pre_itug_num_strides_vs_initial_rating": {
        "correlation": -0.2043664212211472,
        "p_value": 0.1589680872987715,
        "n": 49
    },
    "pre_itug_num_strides_vs_final_rating": {
        "correlation": -0.11580473929881233,
        "p_value": 0.42814048286684103,
        "n": 49
    },
    "pre_isway_PC1_std_vs_rating_change": {
        "correlation": -0.22315538745272637,
        "p_value": 0.12325103769571077,
        "n": 49
    },
    "pre_isway_PC1_std_vs_rejected_pair_rating_diff": {
        "correlation": -0.040235425615308955,
        "p_value": 0.7837093981352605,
        "n": 49
    },
    "pre_isway_PC1_std_vs_chosen_pair_rating_diff": {
        "correlation": 0.024345207273218643,
        "p_value": 0.8681241900372353,
        "n": 49
    },
    "pre_isway_PC1_std_vs_computer_pair_rating_diff": {
        "correlation": -0.09148799914382512,
        "p_value": 0.5318419049796858,
        "n": 49
    },
    "pre_isway_PC1_std_vs_initial_rating": {
        "correlation": 0.06297476275859314,
        "p_value": 0.6672898504059201,
        "n": 49
    },
    "pre_isway_PC1_std_vs_final_rating": {
        "correlation": -0.0744115122028144,
        "p_value": 0.6113556367801007,
        "n": 49
    },
    "pre_isway_PC1_range_vs_rating_change": {
        "correlation": -0.2146970206801642,
        "p_value": 0.13849508132843133,
        "n": 49
    },
    "pre_isway_PC1_range_vs_rejected_pair_rating_diff": {
        "correlation": -0.027786266171724208,
        "p_value": 0.8496859057292503,
        "n": 49
    },
    "pre_isway_PC1_range_vs_chosen_pair_rating_diff": {
        "correlation": 0.030168929986039907,
        "p_value": 0.8369646874519033,
        "n": 49
    },
    "pre_isway_PC1_range_vs_computer_pair_rating_diff": {
        "correlation": -0.10452793636710032,
        "p_value": 0.47475224874973987,
        "n": 49
    },
    "pre_isway_PC1_range_vs_initial_rating": {
        "correlation": 0.05175609893198,
        "p_value": 0.7239558534375795,
        "n": 49
    },
    "pre_isway_PC1_range_vs_final_rating": {
        "correlation": -0.07932293640471456,
        "p_value": 0.5879691899644582,
        "n": 49
    },
    "pre_isway_PC1_dominant_freq_vs_rating_change": {
        "correlation": NaN,
        "p_value": NaN,
        "n": 49
    },
    "pre_isway_PC1_dominant_freq_vs_rejected_pair_rating_diff": {
        "correlation": NaN,
        "p_value": NaN,
        "n": 49
    },