{
  "name": "BarisAliOmer",
  "gender": "Male",
  "gender_code": "E",
  "age": 22,
  "weight": 104,
  "height": 185,
  "bmi": 30.39,
  "pre_itug_metrics": {
    "test_type": "Pre_ITUG",
    "valid": true,
    "num_samples": 2119,
    "duration_seconds": 21.19,
    "PC1_mean": 8.04767610110543e-17,
    "PC1_std": 2.099739301220855,
    "PC1_range": 17.25116777111823,
    "PC1_dominant_freq": 0.390625,
    "PC1_spectral_entropy": -0.23734944129917793,
    "stride_frequency": 1.278409090909091,
    "num_strides": 27
  },
  "pre_isway_metrics": {
    "test_type": "Pre_ISWAY",
    "valid": true,
    "num_samples": 12748,
    "duration_seconds": 127.48,
    "PC1_mean": -7.134410901889929e-17,
    "PC1_std": 2.6081264319975275,
    "PC1_range": 38.165816231027534,
    "PC1_dominant_freq": 0.390625,
    "PC1_spectral_entropy": -0.29638136449054214,
    "sway_area": 1060.1979205878697,
    "mean_distance": 1.6320212710765107,
    "path_length": 534.8408891524548
  },
  "post_itug_metrics": {
    "test_type": "Post_ITUG",
    "valid": true,
    "num_samples": 1967,
    "duration_seconds": 19.67,
    "PC1_mean": 0.0,
    "PC1_std": 2.2543201569703646,
    "PC1_range": 14.816772685947342,
    "PC1_dominant_freq": 0.390625,
    "PC1_spectral_entropy": -0.5320813081760667,
    "stride_frequency": 1.3817809621289658,
    "num_strides": 27
  },
  "post_isway_metrics": {
    "test_type": "Post_ISWAY",
    "valid": true,
    "num_samples": 12623,
    "duration_seconds": 126.23,
    "PC1_mean": 3.602529912750251e-17,
    "PC1_std": 2.6502430930679695,
    "PC1_range": 58.367773446080825,
    "PC1_dominant_freq": 0.390625,
    "PC1_spectral_entropy": -2.9608132332085675,
    "sway_area": 1693.9644905868201,
    "mean_distance": 1.2600487687906208,
    "path_length": 577.1854760987447
  },
  "initial_rating": 5.352678571428571,
  "final_rating": 5.169642857142857,
  "rejected_pair_rating_diff": -0.16923076923076924,
  "chosen_pair_rating_diff": -0.4461538461538462,
  "computer_pair_rating_diff": 1.0,
  "timeout_count": 5
}