{
  "name": "BarisAliOmer",
  "gender": "Male",
  "gender_code": "E",
  "age": 22,
  "weight": 104,
  "height": 185,
  "bmi": 30.39,
  "pre_itug_metrics": {
    "test_type": "Pre_ITUG",
    "valid": true,
    "num_samples": 2119,
    "duration_seconds": 21.19,
    "PC1_mean": -3.257270076335419e-12,
    "PC1_std": 8.73244487206902,
    "PC1_range": 30.138773783426288,
    "PC1_dominant_freq": 0.390625,
    "PC1_spectral_entropy": 0.08459555856428319,
    "stride_frequency": 0.05379236148466918,
    "num_strides": 1
  },
  "pre_isway_metrics": {
    "test_type": "Pre_ISWAY",
    "valid": true,
    "num_samples": 12748,
    "duration_seconds": 127.48,
    "PC1_mean": 3.4656114397020524e-12,
    "PC1_std": 52.44301265934256,
    "PC1_range": 181.64636102978358,
    "PC1_dominant_freq": 0.390625,
    "PC1_spectral_entropy": 0.0840941559711127,
    "sway_area": 415.923840346622,
    "mean_distance": 45.415734574157334,
    "path_length": 197.17430467367944
  },
  "post_itug_metrics": {
    "test_type": "Post_ITUG",
    "valid": true,
    "num_samples": 1967,
    "duration_seconds": 19.67,
    "PC1_mean": -8.678808109953159e-13,
    "PC1_std": 8.114495116085964,
    "PC1_range": 27.940797713424615,
    "PC1_dominant_freq": 0.390625,
    "PC1_spectral_entropy": 0.08517197649481022,
    "stride_frequency": null,
    "num_strides": 0
  },
  "post_isway_metrics": {
    "test_type": "Post_ISWAY",
    "valid": true,
    "num_samples": 12623,
    "duration_seconds": 126.23,
    "PC1_mean": 7.493262218520521e-13,
    "PC1_std": 51.92842752183686,
    "PC1_range": 179.8635651260788,
    "PC1_dominant_freq": 0.390625,
    "PC1_spectral_entropy": 0.08409455910285457,
    "sway_area": 722.5015176108026,
    "mean_distance": 44.96986308634322,
    "path_length": 219.399344898335
  },
  "initial_rating": 5.352678571428571,
  "final_rating": 5.169642857142857,
  "rejected_pair_rating_diff": -0.16923076923076924,
  "chosen_pair_rating_diff": -0.4461538461538462,
  "computer_pair_rating_diff": 1.0,
  "timeout_count": 5
}