{
  "analysis_timestamp": "2025-05-19 21:50:48",
  "sensor_data_summary": {
    "participants_analyzed": 49,
    "demographics": {
      "gender_distribution": {
        "Female": 33,
        "Male": 16
      },
      "age": {
        "min": 18.0,
        "max": 25.0,
        "mean": 20.693877551020407,
        "median": 21.0
      },
      "weight_kg": {
        "min": 42.0,
        "max": 104.0,
        "mean": 64.3265306122449,
        "median": 60.0
      },
      "height_cm": {
        "min": 150.0,
        "max": 187.0,
        "mean": 168.81632653061226,
        "median": 168.0
      }
    },
    "test_completion": {
      "pre_itug": {
        "completed": 49,
        "completion_rate": 100.0
      },
      "pre_isway": {
        "completed": 49,
        "completion_rate": 100.0
      },
      "post_itug": {
        "completed": 49,
        "completion_rate": 100.0
      },
      "post_isway": {
        "completed": 49,
        "completion_rate": 100.0
      }
    },
    "metrics": {
      "pre_itug_stride_frequency": {
        "mean": 0.1472628408703046,
        "median": 0.10192341884025313,
        "min": 0.04835589941972921,
        "max": 0.45766590389016015
      },
      "post_itug_stride_frequency": {
        "mean": 0.2372628406931943,
        "median": 0.20031022678647836,
        "min": 0.05238344683080147,
        "max": 1.2345679012345678
      },
      "pre_isway_sway_area": {
        "mean": 843.059249341473,
        "median": 712.329618630673,
        "min": 239.4432169926058,
        "max": 2176.4032411271237
      },
      "post_isway_sway_area": {
        "mean": 776.0551187617957,
        "median": 654.2761578327904,
        "min": 207.76860691913947,
        "max": 1880.8714826863265
      }
    }
  },
  "food_rating_summary": {
    "participants_analyzed": 49,
    "rating_statistics": {
      "initial_ratings": {
        "mean": 5.487969185111584,
        "median": 5.522321428571429,
        "min": 4.258928571428571,
        "max": 7.107142857142857
      },
      "final_ratings": {
        "mean": 5.288448306292408,
        "median": 5.28125,
        "min": 3.455357142857143,
        "max": 7.138392857142857
      }
    },
    "chosen_vs_rejected": {
      "chosen_pairs_diff": {
        "mean": -0.3072898138851138,
        "median": -0.2830188679245283,
        "min": -1.3181818181818181,
        "max": 0.6363636363636364
      },
      "rejected_pairs_diff": {
        "mean": -0.5013406911479263,
        "median": -0.45454545454545453,
        "min": -2.42,
        "max": 1.0784313725490196
      },
      "computer_pairs_diff": {
        "mean": -0.02040816326530612,
        "median": 0.0,
        "min": -3.0,
        "max": 4.0
      }
    }
  }
}