{
  "name": "Alen",
  "gender": "Male",
  "gender_code": "E",
  "age": 20,
  "weight": 76,
  "height": 187,
  "bmi": 21.73,
  "pre_itug_metrics": {
    "test_type": "Pre_ITUG",
    "valid": true,
    "num_samples": 2229,
    "duration_seconds": 22.29,
    "PC1_mean": -2.6513667887485362e-12,
    "PC1_std": 9.18106334233352,
    "PC1_range": 31.951818683950314,
    "PC1_dominant_freq": 0.390625,
    "PC1_spectral_entropy": 0.0885762580889312,
    "stride_frequency": 0.1758499413833529,
    "num_strides": 3
  },
  "pre_isway_metrics": {
    "test_type": "Pre_ISWAY",
    "valid": true,
    "num_samples": 12705,
    "duration_seconds": 127.05,
    "PC1_mean": 9.621100977432629e-14,
    "PC1_std": 52.26638837240608,
    "PC1_range": 181.03471902179194,
    "PC1_dominant_freq": 0.390625,
    "PC1_spectral_entropy": 0.08409330130602549,
    "sway_area": 358.953576920725,
    "mean_distance": 45.26243081848293,
    "path_length": 191.52367041500884
  },
  "post_itug_metrics": {
    "test_type": "Post_ITUG",
    "valid": true,
    "num_samples": 1988,
    "duration_seconds": 19.88,
    "PC1_mean": -3.669088283812316e-12,
    "PC1_std": 8.214703365458057,
    "PC1_range": 28.163404949443922,
    "PC1_dominant_freq": 0.390625,
    "PC1_spectral_entropy": 0.09445518632961408,
    "stride_frequency": 0.06729475100942127,
    "num_strides": 1
  },
  "post_isway_metrics": {
    "test_type": "Post_ISWAY",
    "valid": true,
    "num_samples": 12703,
    "duration_seconds": 127.03,
    "PC1_mean": -1.4113169771981391e-12,
    "PC1_std": 52.25782518835645,
    "PC1_range": 181.00500280428201,
    "PC1_dominant_freq": 0.390625,
    "PC1_spectral_entropy": 0.08409402579924387,
    "sway_area": 588.0658043355173,
    "mean_distance": 45.255069052459326,
    "path_length": 212.94464085283076
  },
  "initial_rating": 5.633928571428571,
  "final_rating": 5.433035714285714,
  "rejected_pair_rating_diff": 0.038461538461538464,
  "chosen_pair_rating_diff": -0.17307692307692307,
  "computer_pair_rating_diff": -2.0,
  "timeout_count": 3
}