{
  "name": "Alen",
  "gender": "Male",
  "gender_code": "E",
  "age": 20,
  "weight": 76,
  "height": 187,
  "bmi": 21.73,
  "pre_itug_metrics": {
    "test_type": "Pre_ITUG",
    "valid": true,
    "num_samples": 2229,
    "duration_seconds": 22.29,
    "PC1_mean": 0.0,
    "PC1_std": 2.248337410416396,
    "PC1_range": 9.60730388104438,
    "PC1_dominant_freq": 0.390625,
    "PC1_spectral_entropy": -0.10430229059877529,
    "stride_frequency": 1.3525698827772772,
    "num_strides": 30
  },
  "pre_isway_metrics": {
    "test_type": "Pre_ISWAY",
    "valid": true,
    "num_samples": 12705,
    "duration_seconds": 127.05,
    "PC1_mean": 2.6844589780783007e-17,
    "PC1_std": 2.5947200377001516,
    "PC1_range": 47.106935555599925,
    "PC1_dominant_freq": 0.390625,
    "PC1_spectral_entropy": -2.5353594764898735,
    "sway_area": 1064.1534050431217,
    "mean_distance": 1.3498004360899225,
    "path_length": 751.2655532315478
  },
  "post_itug_metrics": {
    "test_type": "Post_ITUG",
    "valid": true,
    "num_samples": 1988,
    "duration_seconds": 19.88,
    "PC1_mean": 0.0,
    "PC1_std": 2.2311011465016324,
    "PC1_range": 8.769909163730746,
    "PC1_dominant_freq": 0.390625,
    "PC1_spectral_entropy": 0.1811798336907195,
    "stride_frequency": 1.4366341713699333,
    "num_strides": 28
  },
  "post_isway_metrics": {
    "test_type": "Post_ISWAY",
    "valid": true,
    "num_samples": 12703,
    "duration_seconds": 127.03,
    "PC1_mean": 8.949605425617258e-18,
    "PC1_std": 2.621644914284712,
    "PC1_range": 43.988631185090206,
    "PC1_dominant_freq": 0.390625,
    "PC1_spectral_entropy": -2.049891704482831,
    "sway_area": 1231.4768872063348,
    "mean_distance": 1.6842136511926182,
    "path_length": 884.6280257079897
  },
  "initial_rating": 5.633928571428571,
  "final_rating": 5.433035714285714,
  "rejected_pair_rating_diff": 0.038461538461538464,
  "chosen_pair_rating_diff": -0.17307692307692307,
  "computer_pair_rating_diff": -2.0,
  "timeout_count": 3
}