{
  "name": "ArdaSiner",
  "gender": "Male",
  "gender_code": "E",
  "age": 20,
  "weight": 70,
  "height": 178,
  "bmi": 22.09,
  "pre_itug_metrics": {
    "test_type": "Pre_ITUG",
    "valid": true,
    "num_samples": 2476,
    "duration_seconds": 24.76,
    "PC1_mean": 3.491783778292995e-12,
    "PC1_std": 10.199107207856981,
    "PC1_range": 35.234198684146904,
    "PC1_dominant_freq": 0.390625,
    "PC1_spectral_entropy": 0.08452694543045416,
    "stride_frequency": null,
    "num_strides": 0
  },
  "pre_isway_metrics": {
    "test_type": "Pre_ISWAY",
    "valid": true,
    "num_samples": 12993,
    "duration_seconds": 129.93,
    "PC1_mean": 2.5580369723381737e-12,
    "PC1_std": 53.448978449724784,
    "PC1_range": 185.13131313881667,
    "PC1_dominant_freq": 0.390625,
    "PC1_spectral_entropy": 0.08409784369769399,
    "sway_area": 1811.7786454840311,
    "mean_distance": 46.28700637443906,
    "path_length": 263.91184540216994
  },
  "post_itug_metrics": {
    "test_type": "Post_ITUG",
    "valid": true,
    "num_samples": 2152,
    "duration_seconds": 21.52,
    "PC1_mean": -1.250977842587299e-13,
    "PC1_std": 8.871425046538999,
    "PC1_range": 30.60747123183698,
    "PC1_dominant_freq": 0.390625,
    "PC1_spectral_entropy": 0.08492851178339515,
    "stride_frequency": null,
    "num_strides": 0
  },
  "post_isway_metrics": {
    "test_type": "Post_ISWAY",
    "valid": true,
    "num_samples": 5825,
    "duration_seconds": 58.25,
    "PC1_mean": -1.2078714185262442e-12,
    "PC1_std": 23.96898457512545,
    "PC1_range": 83.11588461327051,
    "PC1_dominant_freq": 0.390625,
    "PC1_spectral_entropy": 0.08406316062893648,
    "sway_area": 614.0988609522113,
    "mean_distance": 20.757127945874924,
    "path_length": 132.68444985656197
  },
  "initial_rating": 5.803571428571429,
  "final_rating": 5.464285714285714,
  "rejected_pair_rating_diff": -0.49019607843137253,
  "chosen_pair_rating_diff": -0.5294117647058824,
  "computer_pair_rating_diff": -1.0,
  "timeout_count": 9
}