{
  "name": "ArdaSiner",
  "gender": "Male",
  "gender_code": "E",
  "age": 20,
  "weight": 70,
  "height": 178,
  "bmi": 22.09,
  "pre_itug_metrics": {
    "test_type": "Pre_ITUG",
    "valid": true,
    "num_samples": 2476,
    "duration_seconds": 24.76,
    "PC1_mean": 0.0,
    "PC1_std": 2.2178206392609927,
    "PC1_range": 10.57457705754741,
    "PC1_dominant_freq": 0.390625,
    "PC1_spectral_entropy": 0.20050176282787222,
    "stride_frequency": 1.1755168220510743,
    "num_strides": 29
  },
  "pre_isway_metrics": {
    "test_type": "Pre_ISWAY",
    "valid": true,
    "num_samples": 12993,
    "duration_seconds": 129.93,
    "PC1_mean": -1.7499705644826603e-17,
    "PC1_std": 2.5256703752184184,
    "PC1_range": 57.1685892368304,
    "PC1_dominant_freq": 0.390625,
    "PC1_spectral_entropy": 0.5450756893238624,
    "sway_area": 1231.7797523729657,
    "mean_distance": 1.5032708242313215,
    "path_length": 663.7615000426954
  },
  "post_itug_metrics": {
    "test_type": "Post_ITUG",
    "valid": true,
    "num_samples": 2152,
    "duration_seconds": 21.52,
    "PC1_mean": 0.0,
    "PC1_std": 2.2018201736519827,
    "PC1_range": 8.814493948358123,
    "PC1_dominant_freq": 0.390625,
    "PC1_spectral_entropy": 0.2768482697416766,
    "stride_frequency": 1.0884997633696167,
    "num_strides": 23
  },
  "post_isway_metrics": {
    "test_type": "Post_ISWAY",
    "valid": true,
    "num_samples": 5825,
    "duration_seconds": 58.25,
    "PC1_mean": -7.806821474445737e-17,
    "PC1_std": 2.5519555259557216,
    "PC1_range": 33.87142807800659,
    "PC1_dominant_freq": 0.390625,
    "PC1_spectral_entropy": -0.13750541598478067,
    "sway_area": 535.7335032431832,
    "mean_distance": 1.5409013732796646,
    "path_length": 281.14956718324873
  },
  "initial_rating": 5.803571428571429,
  "final_rating": 5.464285714285714,
  "rejected_pair_rating_diff": -0.49019607843137253,
  "chosen_pair_rating_diff": -0.5294117647058824,
  "computer_pair_rating_diff": -1.0,
  "timeout_count": 9
}