{
  "name": "EmircanAbdul",
  "gender": "Male",
  "gender_code": "E",
  "age": 21,
  "weight": 71,
  "height": 177,
  "bmi": 22.66,
  "pre_itug_metrics": {
    "test_type": "Pre_ITUG",
    "valid": true,
    "num_samples": 1571,
    "duration_seconds": 15.71,
    "PC1_mean": -1.0955619182909543e-11,
    "PC1_std": 6.533595011857468,
    "PC1_range": 22.3533598320224,
    "PC1_dominant_freq": 0.390625,
    "PC1_spectral_entropy": 0.09435270910929354,
    "stride_frequency": 0.21621621621621623,
    "num_strides": 2
  },
  "pre_isway_metrics": {
    "test_type": "Pre_ISWAY",
    "valid": true,
    "num_samples": 12699,
    "duration_seconds": 126.99,
    "PC1_mean": -4.386544727473684e-12,
    "PC1_std": 52.236231258352504,
    "PC1_range": 180.93016221044275,
    "PC1_dominant_freq": 0.390625,
    "PC1_spectral_entropy": 0.08410499112752472,
    "sway_area": 421.6216446851651,
    "mean_distance": 45.23630769172777,
    "path_length": 216.70563199855525
  },
  "post_itug_metrics": {
    "test_type": "Post_ITUG",
    "valid": true,
    "num_samples": 1749,
    "duration_seconds": 17.49,
    "PC1_mean": 2.6832433740127555e-13,
    "PC1_std": 7.256346194480318,
    "PC1_range": 24.888411614821937,
    "PC1_dominant_freq": 0.390625,
    "PC1_spectral_entropy": 0.08937288398589509,
    "stride_frequency": 0.1172332942555686,
    "num_strides": 1
  },
  "post_isway_metrics": {
    "test_type": "Post_ISWAY",
    "valid": true,
    "num_samples": 13009,
    "duration_seconds": 130.09,
    "PC1_mean": -7.096421724095573e-12,
    "PC1_std": 53.51124680636861,
    "PC1_range": 185.34706216335803,
    "PC1_dominant_freq": 0.390625,
    "PC1_spectral_entropy": 0.08410532682001495,
    "sway_area": 780.4007321364279,
    "mean_distance": 46.340475016158045,
    "path_length": 222.5042801784453
  },
  "initial_rating": 5.616071428571429,
  "final_rating": 5.178571428571429,
  "rejected_pair_rating_diff": -0.7142857142857143,
  "chosen_pair_rating_diff": -0.21428571428571427,
  "computer_pair_rating_diff": -1.0,
  "timeout_count": 2
}