{
  "name": "EmircanAbdul",
  "gender": "Male",
  "gender_code": "E",
  "age": 21,
  "weight": 71,
  "height": 177,
  "bmi": 22.66,
  "pre_itug_metrics": {
    "test_type": "Pre_ITUG",
    "valid": true,
    "num_samples": 1571,
    "duration_seconds": 15.71,
    "PC1_mean": 1.4473181123057418e-16,
    "PC1_std": 2.2933642008102564,
    "PC1_range": 9.616189703342537,
    "PC1_dominant_freq": 0.390625,
    "PC1_spectral_entropy": 0.313364909214485,
    "stride_frequency": 1.5013054830287207,
    "num_strides": 23
  },
  "pre_isway_metrics": {
    "test_type": "Pre_ISWAY",
    "valid": true,
    "num_samples": 12699,
    "duration_seconds": 126.99,
    "PC1_mean": -1.7904848841895588e-17,
    "PC1_std": 2.495079496931728,
    "PC1_range": 51.232733060858834,
    "PC1_dominant_freq": 0.390625,
    "PC1_spectral_entropy": -3.6753968344245926,
    "sway_area": 1614.4801266699333,
    "mean_distance": 1.3025050003824077,
    "path_length": 598.0718607497139
  },
  "post_itug_metrics": {
    "test_type": "Post_ITUG",
    "valid": true,
    "num_samples": 1749,
    "duration_seconds": 17.49,
    "PC1_mean": 1.3000210145410638e-16,
    "PC1_std": 2.24577133927755,
    "PC1_range": 13.831914108157388,
    "PC1_dominant_freq": 0.390625,
    "PC1_spectral_entropy": 0.5450974514716136,
    "stride_frequency": 1.5508328546812178,
    "num_strides": 27
  },
  "post_isway_metrics": {
    "test_type": "Post_ISWAY",
    "valid": true,
    "num_samples": 13009,
    "duration_seconds": 130.09,
    "PC1_mean": 3.4956364892494745e-17,
    "PC1_std": 2.4937482336495553,
    "PC1_range": 55.583137769762175,
    "PC1_dominant_freq": 0.390625,
    "PC1_spectral_entropy": -4.9537846169162325,
    "sway_area": 2253.262897749477,
    "mean_distance": 1.2369480727001292,
    "path_length": 841.834763822618
  },
  "initial_rating": 5.616071428571429,
  "final_rating": 5.178571428571429,
  "rejected_pair_rating_diff": -0.7142857142857143,
  "chosen_pair_rating_diff": -0.21428571428571427,
  "computer_pair_rating_diff": -1.0,
  "timeout_count": 2
}