{
  "name": "AlpBasar",
  "gender": "Male",
  "gender_code": "E",
  "age": 20,
  "weight": 91,
  "height": 184,
  "bmi": 26.88,
  "pre_itug_metrics": {
    "test_type": "Pre_ITUG",
    "valid": true,
    "num_samples": 2233,
    "duration_seconds": 22.33,
    "PC1_mean": 0.0,
    "PC1_std": 2.2589799255076937,
    "PC1_range": 12.8944506364379,
    "PC1_dominant_freq": 0.390625,
    "PC1_spectral_entropy": 0.45385253578603013,
    "stride_frequency": 1.436265709156194,
    "num_strides": 32
  },
  "pre_isway_metrics": {
    "test_type": "Pre_ISWAY",
    "valid": true,
    "num_samples": 12680,
    "duration_seconds": 126.8,
    "PC1_mean": -7.172671149628772e-17,
    "PC1_std": 2.881039772478268,
    "PC1_range": 46.22161403535972,
    "PC1_dominant_freq": 0.390625,
    "PC1_spectral_entropy": -1.14228055795074,
    "sway_area": 805.2219608707951,
    "mean_distance": 1.313501302555061,
    "path_length": 631.2278233987355
  },
  "post_itug_metrics": {
    "test_type": "Post_ITUG",
    "valid": true,
    "num_samples": 2098,
    "duration_seconds": 20.98,
    "PC1_mean": -2.1675278879240424e-16,
    "PC1_std": 2.2669217397065196,
    "PC1_range": 8.321969991186215,
    "PC1_dominant_freq": 0.390625,
    "PC1_spectral_entropy": 0.25633039363316107,
    "stride_frequency": 1.3094083414161009,
    "num_strides": 27
  },
  "post_isway_metrics": {
    "test_type": "Post_ISWAY",
    "valid": true,
    "num_samples": 13002,
    "duration_seconds": 130.02,
    "PC1_mean": -5.2462776982748513e-17,
    "PC1_std": 2.615192251199265,
    "PC1_range": 44.92315680237604,
    "PC1_dominant_freq": 0.390625,
    "PC1_spectral_entropy": -0.8953207338939914,
    "sway_area": 1360.4404271287008,
    "mean_distance": 1.4079488336874262,
    "path_length": 906.3033043971093
  },
  "initial_rating": 4.799107142857143,
  "final_rating": 4.174107142857143,
  "rejected_pair_rating_diff": -1.271186440677966,
  "chosen_pair_rating_diff": -0.4915254237288136,
  "computer_pair_rating_diff": 0.0,
  "timeout_count": 25
}