{
  "name": "AlpBasar",
  "gender": "Male",
  "gender_code": "E",
  "age": 20,
  "weight": 91,
  "height": 184,
  "bmi": 26.88,
  "pre_itug_metrics": {
    "test_type": "Pre_ITUG",
    "valid": true,
    "num_samples": 2233,
    "duration_seconds": 22.33,
    "PC1_mean": 6.858885256541026e-13,
    "PC1_std": 9.218258686914325,
    "PC1_range": 31.81159453068345,
    "PC1_dominant_freq": 0.390625,
    "PC1_spectral_entropy": 0.08847983558579944,
    "stride_frequency": 0.24703557312252963,
    "num_strides": 5
  },
  "pre_isway_metrics": {
    "test_type": "Pre_ISWAY",
    "valid": true,
    "num_samples": 12680,
    "duration_seconds": 126.8,
    "PC1_mean": -5.003655393981031e-13,
    "PC1_std": 52.16130823462098,
    "PC1_range": 180.66995014454864,
    "PC1_dominant_freq": 0.390625,
    "PC1_spectral_entropy": 0.08409848134085261,
    "sway_area": 653.4799228975633,
    "mean_distance": 45.17352588686316,
    "path_length": 196.52571054079323
  },
  "post_itug_metrics": {
    "test_type": "Post_ITUG",
    "valid": true,
    "num_samples": 2098,
    "duration_seconds": 20.98,
    "PC1_mean": 2.6313788559397874e-13,
    "PC1_std": 8.683864960686183,
    "PC1_range": 29.837150872632847,
    "PC1_dominant_freq": 0.390625,
    "PC1_spectral_entropy": 0.08937387622151267,
    "stride_frequency": 0.060024009603841535,
    "num_strides": 1
  },
  "post_isway_metrics": {
    "test_type": "Post_ISWAY",
    "valid": true,
    "num_samples": 13002,
    "duration_seconds": 130.02,
    "PC1_mean": 8.058282544550172e-14,
    "PC1_std": 53.48602884789566,
    "PC1_range": 185.25973567809496,
    "PC1_dominant_freq": 0.390625,
    "PC1_spectral_entropy": 0.08409960514470535,
    "sway_area": 412.61903068701315,
    "mean_distance": 46.31885001375573,
    "path_length": 196.83391004815599
  },
  "initial_rating": 4.799107142857143,
  "final_rating": 4.174107142857143,
  "rejected_pair_rating_diff": -1.271186440677966,
  "chosen_pair_rating_diff": -0.4915254237288136,
  "computer_pair_rating_diff": 0.0,
  "timeout_count": 25
}