{
  "name": "SelinBaser",
  "gender": "Female",
  "gender_code": "K",
  "age": 24,
  "weight": 54,
  "height": 168,
  "bmi": 19.13,
  "pre_itug_metrics": {
    "test_type": "Pre_ITUG",
    "valid": true,
    "num_samples": 2178,
    "duration_seconds": 21.78,
    "PC1_mean": -1.0439562692526724e-16,
    "PC1_std": 2.2749536396304593,
    "PC1_range": 10.22402367159994,
    "PC1_dominant_freq": 0.390625,
    "PC1_spectral_entropy": 0.342565423735777,
    "stride_frequency": 1.10803324099723,
    "num_strides": 24
  },
  "pre_isway_metrics": {
    "test_type": "Pre_ISWAY",
    "valid": true,
    "num_samples": 12615,
    "duration_seconds": 126.15,
    "PC1_mean": 1.8024072567834486e-17,
    "PC1_std": 2.4992696717367737,
    "PC1_range": 64.57991820976666,
    "PC1_dominant_freq": 0.390625,
    "PC1_spectral_entropy": 0.3177670817154644,
    "sway_area": 1576.783660891925,
    "mean_distance": 1.8757361012171723,
    "path_length": 809.788102140277
  },
  "post_itug_metrics": {
    "test_type": "Post_ITUG",
    "valid": true,
    "num_samples": 2022,
    "duration_seconds": 20.22,
    "PC1_mean": 0.0,
    "PC1_std": 2.2548470462595605,
    "PC1_range": 11.734656427289984,
    "PC1_dominant_freq": 0.390625,
    "PC1_spectral_entropy": 0.3721124262165506,
    "stride_frequency": 1.2903225806451615,
    "num_strides": 26
  },
  "post_isway_metrics": {
    "test_type": "Post_ISWAY",
    "valid": true,
    "num_samples": 12492,
    "duration_seconds": 124.92,
    "PC1_mean": 3.640308604598656e-17,
    "PC1_std": 2.580543471926944,
    "PC1_range": 53.74887250473345,
    "PC1_dominant_freq": 0.390625,
    "PC1_spectral_entropy": -0.4306883446518144,
    "sway_area": 1363.7682642503923,
    "mean_distance": 2.3652190653503555,
    "path_length": 935.7476983954474
  },
  "initial_rating": 5.90625,
  "final_rating": 5.745535714285714,
  "rejected_pair_rating_diff": -0.7358490566037735,
  "chosen_pair_rating_diff": -0.37735849056603776,
  "computer_pair_rating_diff": 0.0,
  "timeout_count": 4
}