{
  "name": "SelinBaser",
  "gender": "Female",
  "gender_code": "K",
  "age": 24,
  "weight": 54,
  "height": 168,
  "bmi": 19.13,
  "pre_itug_metrics": {
    "test_type": "Pre_ITUG",
    "valid": true,
    "num_samples": 2178,
    "duration_seconds": 21.78,
    "PC1_mean": -8.869452463570705e-13,
    "PC1_std": 8.971370685231712,
    "PC1_range": 30.983717845848467,
    "PC1_dominant_freq": 0.390625,
    "PC1_spectral_entropy": 0.0927341043081451,
    "stride_frequency": 0.2147074610842727,
    "num_strides": 4
  },
  "pre_isway_metrics": {
    "test_type": "Pre_ISWAY",
    "valid": true,
    "num_samples": 12615,
    "duration_seconds": 126.15,
    "PC1_mean": 1.490374512489098e-12,
    "PC1_std": 51.89301862086173,
    "PC1_range": 179.74124014125766,
    "PC1_dominant_freq": 0.390625,
    "PC1_spectral_entropy": 0.08410008434684728,
    "sway_area": 989.3339615567857,
    "mean_distance": 44.93913696747969,
    "path_length": 221.23150522078646
  },
  "post_itug_metrics": {
    "test_type": "Post_ITUG",
    "valid": true,
    "num_samples": 2022,
    "duration_seconds": 20.22,
    "PC1_mean": 3.4877457554635436e-12,
    "PC1_std": 8.32676733191009,
    "PC1_range": 28.77639202329926,
    "PC1_dominant_freq": 0.390625,
    "PC1_spectral_entropy": 0.08855569172117367,
    "stride_frequency": 0.39303761931499154,
    "num_strides": 7
  },
  "post_isway_metrics": {
    "test_type": "Post_ISWAY",
    "valid": true,
    "num_samples": 12492,
    "duration_seconds": 124.92,
    "PC1_mean": -1.0693770556869012e-12,
    "PC1_std": 51.38848192314188,
    "PC1_range": 177.99362270175652,
    "PC1_dominant_freq": 0.390625,
    "PC1_spectral_entropy": 0.08409694975315421,
    "sway_area": 848.3205151682511,
    "mean_distance": 44.50217184136368,
    "path_length": 217.36949881495875
  },
  "initial_rating": 5.90625,
  "final_rating": 5.745535714285714,
  "rejected_pair_rating_diff": -0.7358490566037735,
  "chosen_pair_rating_diff": -0.37735849056603776,
  "computer_pair_rating_diff": 0.0,
  "timeout_count": 4
}