{
  "name": "MuntehaBudak",
  "gender": "Female",
  "gender_code": "K",
  "age": 25,
  "weight": 77,
  "height": 165,
  "bmi": 28.28,
  "pre_itug_metrics": {
    "test_type": "Pre_ITUG",
    "valid": true,
    "num_samples": 2667,
    "duration_seconds": 26.67,
    "PC1_mean": -3.2192088431707697e-13,
    "PC1_std": 10.985543340894791,
    "PC1_range": 37.93746136822401,
    "PC1_dominant_freq": 0.390625,
    "PC1_spectral_entropy": 0.0921151157438986,
    "stride_frequency": 0.17072129748186085,
    "num_strides": 4
  },
  "pre_isway_metrics": {
    "test_type": "Pre_ISWAY",
    "valid": true,
    "num_samples": 6386,
    "duration_seconds": 63.86,
    "PC1_mean": 3.0945037394491363e-12,
    "PC1_std": 27.093191489187248,
    "PC1_range": 106.85665449096425,
    "PC1_dominant_freq": 0.390625,
    "PC1_spectral_entropy": 0.20420576312322772,
    "sway_area": 308.36616293142646,
    "mean_distance": 23.176789217789242,
    "path_length": 121.01657417811306
  },
  "post_itug_metrics": {
    "test_type": "Post_ITUG",
    "valid": true,
    "num_samples": 2570,
    "duration_seconds": 25.7,
    "PC1_mean": -1.989563896251908e-12,
    "PC1_std": 10.658970438133785,
    "PC1_range": 36.70448876298602,
    "PC1_dominant_freq": 0.390625,
    "PC1_spectral_entropy": 0.14916658345728684,
    "stride_frequency": 0.2689376961004034,
    "num_strides": 6
  },
  "post_isway_metrics": {
    "test_type": "Post_ISWAY",
    "valid": true,
    "num_samples": 12814,
    "duration_seconds": 128.14,
    "PC1_mean": -2.6164829628653992e-12,
    "PC1_std": 52.71569453078523,
    "PC1_range": 182.59100670975903,
    "PC1_dominant_freq": 0.390625,
    "PC1_spectral_entropy": 0.08409168840034029,
    "sway_area": 728.7471425094483,
    "mean_distance": 45.65178876531698,
    "path_length": 202.64014915498643
  },
  "initial_rating": 6.165178571428571,
  "final_rating": 6.116071428571429,
  "rejected_pair_rating_diff": 0.044444444444444446,
  "chosen_pair_rating_diff": 0.1111111111111111,
  "computer_pair_rating_diff": 0.0,
  "timeout_count": 20
}