{
  "name": "MuntehaBudak",
  "gender": "Female",
  "gender_code": "K",
  "age": 25,
  "weight": 77,
  "height": 165,
  "bmi": 28.28,
  "pre_itug_metrics": {
    "test_type": "Pre_ITUG",
    "valid": true,
    "num_samples": 2667,
    "duration_seconds": 26.67,
    "PC1_mean": -1.7050894296455348e-16,
    "PC1_std": 2.5925105167190745,
    "PC1_range": 24.62522916802608,
    "PC1_dominant_freq": 0.390625,
    "PC1_spectral_entropy": 0.45169118624386206,
    "stride_frequency": 1.2034599473486274,
    "num_strides": 32
  },
  "pre_isway_metrics": {
    "test_type": "Pre_ISWAY",
    "valid": true,
    "num_samples": 6386,
    "duration_seconds": 63.86,
    "PC1_mean": 7.121004555065207e-17,
    "PC1_std": 2.8899303399092813,
    "PC1_range": 32.35022747682928,
    "PC1_dominant_freq": 0.390625,
    "PC1_spectral_entropy": 0.010143021555955901,
    "sway_area": 377.64644704603734,
    "mean_distance": 1.8448989186159728,
    "path_length": 227.0337528403264
  },
  "post_itug_metrics": {
    "test_type": "Post_ITUG",
    "valid": true,
    "num_samples": 2570,
    "duration_seconds": 25.7,
    "PC1_mean": 0.0,
    "PC1_std": 2.5861777427916,
    "PC1_range": 20.72671743475936,
    "PC1_dominant_freq": 0.390625,
    "PC1_spectral_entropy": 0.18010856282594484,
    "stride_frequency": 1.217596229379419,
    "num_strides": 31
  },
  "post_isway_metrics": {
    "test_type": "Post_ISWAY",
    "valid": true,
    "num_samples": 12814,
    "duration_seconds": 128.14,
    "PC1_mean": 3.548832143643391e-17,
    "PC1_std": 2.9819142769011364,
    "PC1_range": 60.00759996422313,
    "PC1_dominant_freq": 0.390625,
    "PC1_spectral_entropy": 0.12399095867928782,
    "sway_area": 1133.6530808090724,
    "mean_distance": 1.3431880853773006,
    "path_length": 441.7658977967181
  },
  "initial_rating": 6.165178571428571,
  "final_rating": 6.116071428571429,
  "rejected_pair_rating_diff": 0.044444444444444446,
  "chosen_pair_rating_diff": 0.1111111111111111,
  "computer_pair_rating_diff": 0.0,
  "timeout_count": 20
}