{
  "name": "Yunusemre",
  "gender": "Male",
  "gender_code": "E",
  "age": 22,
  "weight": 85,
  "height": 187,
  "bmi": 24.31,
  "pre_itug_metrics": {
    "test_type": "Pre_ITUG",
    "valid": true,
    "num_samples": 2076,
    "duration_seconds": 20.76,
    "PC1_mean": -7.84899184824845e-12,
    "PC1_std": 8.556607964363712,
    "PC1_range": 29.518221688828483,
    "PC1_dominant_freq": 0.390625,
    "PC1_spectral_entropy": 0.08478396773313611,
    "stride_frequency": null,
    "num_strides": 0
  },
  "pre_isway_metrics": {
    "test_type": "Pre_ISWAY",
    "valid": true,
    "num_samples": 12540,
    "duration_seconds": 125.4,
    "PC1_mean": 3.258514988935735e-12,
    "PC1_std": 51.583454205966525,
    "PC1_range": 178.6688613750144,
    "PC1_dominant_freq": 0.390625,
    "PC1_spectral_entropy": 0.08410246722157029,
    "sway_area": 1300.5591902631795,
    "mean_distance": 44.67100880930909,
    "path_length": 246.6279289791596
  },
  "post_itug_metrics": {
    "test_type": "Post_ITUG",
    "valid": true,
    "num_samples": 1877,
    "duration_seconds": 18.77,
    "PC1_mean": 7.926704222857397e-12,
    "PC1_std": 7.743753279282239,
    "PC1_range": 26.64910938117584,
    "PC1_dominant_freq": 0.390625,
    "PC1_spectral_entropy": 0.08513266310890924,
    "stride_frequency": null,
    "num_strides": 0
  },
  "post_isway_metrics": {
    "test_type": "Post_ISWAY",
    "valid": true,
    "num_samples": 12458,
    "duration_seconds": 124.58,
    "PC1_mean": -7.2350748855758775e-12,
    "PC1_std": 51.244590743990095,
    "PC1_range": 177.49513628393777,
    "PC1_dominant_freq": 0.390625,
    "PC1_spectral_entropy": 0.08410574907589914,
    "sway_area": 1169.569385486774,
    "mean_distance": 44.377543407939015,
    "path_length": 232.15070744206628
  },
  "initial_rating": 6.390134529147982,
  "final_rating": 6.183856502242152,
  "rejected_pair_rating_diff": -0.7758620689655172,
  "chosen_pair_rating_diff": -0.06896551724137931,
  "computer_pair_rating_diff": 0.0,
  "timeout_count": 17
}