{
  "name": "Yunusemre",
  "gender": "Male",
  "gender_code": "E",
  "age": 22,
  "weight": 85,
  "height": 187,
  "bmi": 24.31,
  "pre_itug_metrics": {
    "test_type": "Pre_ITUG",
    "valid": true,
    "num_samples": 2076,
    "duration_seconds": 20.76,
    "PC1_mean": 0.0,
    "PC1_std": 2.4663464707308735,
    "PC1_range": 13.76339898543543,
    "PC1_dominant_freq": 0.390625,
    "PC1_spectral_entropy": 0.13870207068241958,
    "stride_frequency": 1.341948310139165,
    "num_strides": 27
  },
  "pre_isway_metrics": {
    "test_type": "Pre_ISWAY",
    "valid": true,
    "num_samples": 12540,
    "duration_seconds": 125.4,
    "PC1_mean": 1.1785716829194643e-16,
    "PC1_std": 2.571083152626558,
    "PC1_range": 65.92310786716268,
    "PC1_dominant_freq": 0.390625,
    "PC1_spectral_entropy": -0.0308224492492371,
    "sway_area": 1937.7601568058217,
    "mean_distance": 1.3218409419030805,
    "path_length": 995.7789253205231
  },
  "post_itug_metrics": {
    "test_type": "Post_ITUG",
    "valid": true,
    "num_samples": 1877,
    "duration_seconds": 18.77,
    "PC1_mean": 0.0,
    "PC1_std": 2.381435723410593,
    "PC1_range": 12.33820244487772,
    "PC1_dominant_freq": 0.390625,
    "PC1_spectral_entropy": -0.3052849000715377,
    "stride_frequency": 1.319406267179769,
    "num_strides": 24
  },
  "post_isway_metrics": {
    "test_type": "Post_ISWAY",
    "valid": true,
    "num_samples": 12458,
    "duration_seconds": 124.58,
    "PC1_mean": 1.8251218128369888e-17,
    "PC1_std": 2.6351219537119883,
    "PC1_range": 59.049287416311124,
    "PC1_dominant_freq": 0.390625,
    "PC1_spectral_entropy": -1.4244053041729987,
    "sway_area": 1549.033381367521,
    "mean_distance": 1.1680732239415657,
    "path_length": 779.0726553801653
  },
  "initial_rating": 6.390134529147982,
  "final_rating": 6.183856502242152,
  "rejected_pair_rating_diff": -0.7758620689655172,
  "chosen_pair_rating_diff": -0.06896551724137931,
  "computer_pair_rating_diff": 0.0,
  "timeout_count": 17
}