{
  "name": "OguzTurkkan",
  "gender": "Male",
  "gender_code": "E",
  "age": 19,
  "weight": 74,
  "height": 177,
  "bmi": 23.62,
  "pre_itug_metrics": {
    "test_type": "Pre_ITUG",
    "valid": true,
    "num_samples": 2404,
    "duration_seconds": 24.04,
    "PC1_mean": 1.1849157262698882e-12,
    "PC1_std": 9.923656708123845,
    "PC1_range": 34.10663613894636,
    "PC1_dominant_freq": 0.390625,
    "PC1_spectral_entropy": 0.0911732740565327,
    "stride_frequency": 0.05120327700972862,
    "num_strides": 1
  },
  "pre_isway_metrics": {
    "test_type": "Pre_ISWAY",
    "valid": true,
    "num_samples": 12930,
    "duration_seconds": 129.3,
    "PC1_mean": 2.012283405129152e-12,
    "PC1_std": 53.19299858613471,
    "PC1_range": 184.24431430981167,
    "PC1_dominant_freq": 0.390625,
    "PC1_spectral_entropy": 0.08409124376166602,
    "sway_area": 438.7418406050411,
    "mean_distance": 46.0650224855598,
    "path_length": 195.93268755492318
  },
  "post_itug_metrics": {
    "test_type": "Post_ITUG",
    "valid": true,
    "num_samples": 2277,
    "duration_seconds": 22.77,
    "PC1_mean": 4.920937516839032e-13,
    "PC1_std": 9.405674655624988,
    "PC1_range": 32.28411801455795,
    "PC1_dominant_freq": 0.390625,
    "PC1_spectral_entropy": 0.09248496401164773,
    "stride_frequency": 0.05238344683080147,
    "num_strides": 1
  },
  "post_isway_metrics": {
    "test_type": "Post_ISWAY",
    "valid": true,
    "num_samples": 12846,
    "duration_seconds": 128.46,
    "PC1_mean": -1.7082584590049207e-12,
    "PC1_std": 52.845866439307486,
    "PC1_range": 183.04173691227317,
    "PC1_dominant_freq": 0.390625,
    "PC1_spectral_entropy": 0.08409483361931067,
    "sway_area": 531.6875876926789,
    "mean_distance": 45.76453307014234,
    "path_length": 198.05876096349286
  },
  "initial_rating": 5.004464285714286,
  "final_rating": 5.09375,
  "rejected_pair_rating_diff": 0.0,
  "chosen_pair_rating_diff": -0.09523809523809523,
  "computer_pair_rating_diff": 1.0,
  "timeout_count": 4
}