{
  "name": "OguzTurkkan",
  "gender": "Male",
  "gender_code": "E",
  "age": 19,
  "weight": 74,
  "height": 177,
  "bmi": 23.62,
  "pre_itug_metrics": {
    "test_type": "Pre_ITUG",
    "valid": true,
    "num_samples": 2404,
    "duration_seconds": 24.04,
    "PC1_mean": 1.8916279155010987e-16,
    "PC1_std": 2.2775783475323346,
    "PC1_range": 11.023098261595276,
    "PC1_dominant_freq": 0.390625,
    "PC1_spectral_entropy": 0.033618066548715235,
    "stride_frequency": 1.4066496163682864,
    "num_strides": 33
  },
  "pre_isway_metrics": {
    "test_type": "Pre_ISWAY",
    "valid": true,
    "num_samples": 12930,
    "duration_seconds": 129.3,
    "PC1_mean": -7.033988412783667e-17,
    "PC1_std": 2.589297085525445,
    "PC1_range": 32.32358657416743,
    "PC1_dominant_freq": 0.390625,
    "PC1_spectral_entropy": -0.7337626105539377,
    "sway_area": 901.4079648418443,
    "mean_distance": 1.464044026946569,
    "path_length": 678.5339690963481
  },
  "post_itug_metrics": {
    "test_type": "Post_ITUG",
    "valid": true,
    "num_samples": 2277,
    "duration_seconds": 22.77,
    "PC1_mean": -9.985668662416867e-17,
    "PC1_std": 2.2797210774924554,
    "PC1_range": 10.368786094300827,
    "PC1_dominant_freq": 0.390625,
    "PC1_spectral_entropy": 0.27407353300199105,
    "stride_frequency": 1.4121800529567523,
    "num_strides": 32
  },
  "post_isway_metrics": {
    "test_type": "Post_ISWAY",
    "valid": true,
    "num_samples": 12846,
    "duration_seconds": 128.46,
    "PC1_mean": 3.5399918331501175e-17,
    "PC1_std": 2.4661995300067603,
    "PC1_range": 47.73403701944211,
    "PC1_dominant_freq": 0.390625,
    "PC1_spectral_entropy": -0.8070892537056151,
    "sway_area": 1053.130617261174,
    "mean_distance": 1.684489146577061,
    "path_length": 785.8103434375358
  },
  "initial_rating": 5.004464285714286,
  "final_rating": 5.09375,
  "rejected_pair_rating_diff": 0.0,
  "chosen_pair_rating_diff": -0.09523809523809523,
  "computer_pair_rating_diff": 1.0,
  "timeout_count": 4
}