{
  "name": "MeryemYuksel",
  "gender": "Female",
  "gender_code": "K",
  "age": 22,
  "weight": 65,
  "height": 165,
  "bmi": 23.88,
  "pre_itug_metrics": {
    "test_type": "Pre_ITUG",
    "valid": true,
    "num_samples": 2661,
    "duration_seconds": 26.61,
    "PC1_mean": -9.500989748171311e-12,
    "PC1_std": 10.979295074778811,
    "PC1_range": 37.94429974596018,
    "PC1_dominant_freq": 0.390625,
    "PC1_spectral_entropy": 0.08441312292032371,
    "stride_frequency": null,
    "num_strides": 0
  },
  "pre_isway_metrics": {
    "test_type": "Pre_ISWAY",
    "valid": true,
    "num_samples": 12438,
    "duration_seconds": 124.38,
    "PC1_mean": 7.688952153145759e-12,
    "PC1_std": 51.16766096294033,
    "PC1_range": 177.2286251640578,
    "PC1_dominant_freq": 0.390625,
    "PC1_spectral_entropy": 0.08409415598021074,
    "sway_area": 637.7620349209418,
    "mean_distance": 44.311034628376525,
    "path_length": 243.9333009665322
  },
  "post_itug_metrics": {
    "test_type": "Post_ITUG",
    "valid": true,
    "num_samples": 1906,
    "duration_seconds": 19.06,
    "PC1_mean": 4.5260006538909884e-12,
    "PC1_std": 7.884477107656299,
    "PC1_range": 27.161653020682532,
    "PC1_dominant_freq": 0.390625,
    "PC1_spectral_entropy": 0.0852334604174738,
    "stride_frequency": null,
    "num_strides": 0
  },
  "post_isway_metrics": {
    "test_type": "Post_ISWAY",
    "valid": true,
    "num_samples": 7675,
    "duration_seconds": 76.75,
    "PC1_mean": 4.6433407679831165e-12,
    "PC1_std": 31.577178418866588,
    "PC1_range": 109.47178642861994,
    "PC1_dominant_freq": 0.390625,
    "PC1_spectral_entropy": 0.08409448342159939,
    "sway_area": 326.07464608234767,
    "mean_distance": 27.345056587012365,
    "path_length": 162.93612062831468
  },
  "initial_rating": 5.794642857142857,
  "final_rating": 5.34375,
  "rejected_pair_rating_diff": -0.6101694915254238,
  "chosen_pair_rating_diff": -0.6440677966101694,
  "computer_pair_rating_diff": -1.0,
  "timeout_count": 15
}