{
  "name": "MeryemYuksel",
  "gender": "Female",
  "gender_code": "K",
  "age": 22,
  "weight": 65,
  "height": 165,
  "bmi": 23.88,
  "pre_itug_metrics": {
    "test_type": "Pre_ITUG",
    "valid": true,
    "num_samples": 2661,
    "duration_seconds": 26.61,
    "PC1_mean": 0.0,
    "PC1_std": 2.2701322509921353,
    "PC1_range": 8.41315894568524,
    "PC1_dominant_freq": 0.390625,
    "PC1_spectral_entropy": 0.2788571061176355,
    "stride_frequency": 1.532567049808429,
    "num_strides": 40
  },
  "pre_isway_metrics": {
    "test_type": "Pre_ISWAY",
    "valid": true,
    "num_samples": 12438,
    "duration_seconds": 124.38,
    "PC1_mean": -2.7420848461557172e-17,
    "PC1_std": 2.686088495885992,
    "PC1_range": 56.608854948828736,
    "PC1_dominant_freq": 0.390625,
    "PC1_spectral_entropy": -1.8888203437820195,
    "sway_area": 1317.4723416469587,
    "mean_distance": 1.1802488186765172,
    "path_length": 1022.6174834343547
  },
  "post_itug_metrics": {
    "test_type": "Post_ITUG",
    "valid": true,
    "num_samples": 1906,
    "duration_seconds": 19.06,
    "PC1_mean": -1.192936387425142e-16,
    "PC1_std": 2.4244675466264596,
    "PC1_range": 8.724653877550828,
    "PC1_dominant_freq": 0.390625,
    "PC1_spectral_entropy": 0.36984037450366786,
    "stride_frequency": 1.5889830508474574,
    "num_strides": 30
  },
  "post_isway_metrics": {
    "test_type": "Post_ISWAY",
    "valid": true,
    "num_samples": 7675,
    "duration_seconds": 76.75,
    "PC1_mean": 5.92504691708748e-17,
    "PC1_std": 2.578388641286846,
    "PC1_range": 44.71602646279218,
    "PC1_dominant_freq": 0.390625,
    "PC1_spectral_entropy": -1.7173155058579472,
    "sway_area": 943.6690629627526,
    "mean_distance": 1.637203230641641,
    "path_length": 663.9582514129986
  },
  "initial_rating": 5.794642857142857,
  "final_rating": 5.34375,
  "rejected_pair_rating_diff": -0.6101694915254238,
  "chosen_pair_rating_diff": -0.6440677966101694,
  "computer_pair_rating_diff": -1.0,
  "timeout_count": 15
}