{
  "name": "MelihNadir",
  "gender": "Male",
  "gender_code": "E",
  "age": 19,
  "weight": 60,
  "height": 178,
  "bmi": 18.94,
  "pre_itug_metrics": {
    "test_type": "Pre_ITUG",
    "valid": true,
    "num_samples": 1884,
    "duration_seconds": 18.84,
    "PC1_mean": -4.898913075154818e-12,
    "PC1_std": 7.7825096867709105,
    "PC1_range": 26.731919172808727,
    "PC1_dominant_freq": 0.390625,
    "PC1_spectral_entropy": 0.09417380678450502,
    "stride_frequency": 0.13131976362442546,
    "num_strides": 2
  },
  "pre_isway_metrics": {
    "test_type": "Pre_ISWAY",
    "valid": true,
    "num_samples": 12596,
    "duration_seconds": 125.96,
    "PC1_mean": -1.6197034892164438e-12,
    "PC1_std": 51.81938831547546,
    "PC1_range": 179.48603737821097,
    "PC1_dominant_freq": 0.390625,
    "PC1_spectral_entropy": 0.0840906162561632,
    "sway_area": 668.8175590127665,
    "mean_distance": 44.875431748336126,
    "path_length": 208.73162800409636
  },
  "post_itug_metrics": {
    "test_type": "Post_ITUG",
    "valid": true,
    "num_samples": 1866,
    "duration_seconds": 18.66,
    "PC1_mean": 7.510886041972575e-13,
    "PC1_std": 7.710316718103412,
    "PC1_range": 26.45935893225446,
    "PC1_dominant_freq": 0.390625,
    "PC1_spectral_entropy": 0.08551563822019351,
    "stride_frequency": null,
    "num_strides": 0
  },
  "post_isway_metrics": {
    "test_type": "Post_ISWAY",
    "valid": true,
    "num_samples": 12593,
    "duration_seconds": 125.93,
    "PC1_mean": 3.413512076915404e-12,
    "PC1_std": 51.80591309601534,
    "PC1_range": 179.43935990505315,
    "PC1_dominant_freq": 0.390625,
    "PC1_spectral_entropy": 0.08409285179031994,
    "sway_area": 1186.6696853554254,
    "mean_distance": 44.86376813047916,
    "path_length": 226.8877012692302
  },
  "initial_rating": 4.741071428571429,
  "final_rating": 4.549107142857143,
  "rejected_pair_rating_diff": -0.391304347826087,
  "chosen_pair_rating_diff": -0.45652173913043476,
  "computer_pair_rating_diff": 0.0,
  "timeout_count": 2
}