{
  "name": "MelihNadir",
  "gender": "Male",
  "gender_code": "E",
  "age": 19,
  "weight": 60,
  "height": 178,
  "bmi": 18.94,
  "pre_itug_metrics": {
    "test_type": "Pre_ITUG",
    "valid": true,
    "num_samples": 1884,
    "duration_seconds": 18.84,
    "PC1_mean": 1.2068666424800003e-16,
    "PC1_std": 2.2546416385192884,
    "PC1_range": 8.41399776841045,
    "PC1_dominant_freq": 0.390625,
    "PC1_spectral_entropy": 0.25127470762047943,
    "stride_frequency": 1.3043478260869565,
    "num_strides": 24
  },
  "pre_isway_metrics": {
    "test_type": "Pre_ISWAY",
    "valid": true,
    "num_samples": 12596,
    "duration_seconds": 125.96,
    "PC1_mean": -1.805126035592506e-17,
    "PC1_std": 3.002610939381572,
    "PC1_range": 56.84704040510333,
    "PC1_dominant_freq": 0.390625,
    "PC1_spectral_entropy": -1.5579541636503091,
    "sway_area": 1624.358965360452,
    "mean_distance": 1.1412045032926181,
    "path_length": 725.8728591291624
  },
  "post_itug_metrics": {
    "test_type": "Post_ITUG",
    "valid": true,
    "num_samples": 1866,
    "duration_seconds": 18.66,
    "PC1_mean": 0.0,
    "PC1_std": 2.4724454719569593,
    "PC1_range": 16.64552460860815,
    "PC1_dominant_freq": 0.390625,
    "PC1_spectral_entropy": -0.6450889183668753,
    "stride_frequency": 1.4665942422596412,
    "num_strides": 27
  },
  "post_isway_metrics": {
    "test_type": "Post_ISWAY",
    "valid": true,
    "num_samples": 12593,
    "duration_seconds": 125.93,
    "PC1_mean": -3.611112132823506e-17,
    "PC1_std": 2.7537559923926125,
    "PC1_range": 59.667209075496835,
    "PC1_dominant_freq": 0.390625,
    "PC1_spectral_entropy": -1.3554698453722513,
    "sway_area": 1211.0719160244935,
    "mean_distance": 1.3315599096720765,
    "path_length": 572.2726007033675
  },
  "initial_rating": 4.741071428571429,
  "final_rating": 4.549107142857143,
  "rejected_pair_rating_diff": -0.391304347826087,
  "chosen_pair_rating_diff": -0.45652173913043476,
  "computer_pair_rating_diff": 0.0,
  "timeout_count": 2
}