{
  "name": "Sevimnur",
  "gender": "Female",
  "gender_code": "K",
  "age": 23,
  "weight": 42,
  "height": 150,
  "bmi": 18.67,
  "pre_itug_metrics": {
    "test_type": "Pre_ITUG",
    "valid": true,
    "num_samples": 2330,
    "duration_seconds": 23.3,
    "PC1_mean": 1.36385171158567e-12,
    "PC1_std": 9.591974909998598,
    "PC1_range": 33.170780245664616,
    "PC1_dominant_freq": 0.390625,
    "PC1_spectral_entropy": 0.08522415374454495,
    "stride_frequency": 0.45766590389016015,
    "num_strides": 4
  },
  "pre_isway_metrics": {
    "test_type": "Pre_ISWAY",
    "valid": true,
    "num_samples": 12600,
    "duration_seconds": 126.0,
    "PC1_mean": 4.799822197547034e-12,
    "PC1_std": 51.83593607564452,
    "PC1_range": 179.5433925548322,
    "PC1_dominant_freq": 0.390625,
    "PC1_spectral_entropy": 0.08409030575872205,
    "sway_area": 1209.8959545748487,
    "mean_distance": 44.889813556307736,
    "path_length": 233.8763684869843
  },
  "post_itug_metrics": {
    "test_type": "Post_ITUG",
    "valid": true,
    "num_samples": 2297,
    "duration_seconds": 22.97,
    "PC1_mean": 2.5332812807763147e-12,
    "PC1_std": 9.460559068123013,
    "PC1_range": 32.690101433976906,
    "PC1_dominant_freq": 0.390625,
    "PC1_spectral_entropy": 0.09445048282481015,
    "stride_frequency": 0.35514967021816335,
    "num_strides": 7
  },
  "post_isway_metrics": {
    "test_type": "Post_ISWAY",
    "valid": true,
    "num_samples": 6229,
    "duration_seconds": 62.29,
    "PC1_mean": 2.3688621033173845e-12,
    "PC1_std": 25.642710723028067,
    "PC1_range": 88.86329247745266,
    "PC1_dominant_freq": 0.390625,
    "PC1_spectral_entropy": 0.08404147233826244,
    "sway_area": 637.0209428114125,
    "mean_distance": 22.202962667893235,
    "path_length": 154.79774958182225
  },
  "initial_rating": 5.633928571428571,
  "final_rating": 5.723214285714286,
  "rejected_pair_rating_diff": 0.16216216216216217,
  "chosen_pair_rating_diff": 0.04054054054054054,
  "computer_pair_rating_diff": -3.0,
  "timeout_count": 10
}