{
  "name": "Sevimnur",
  "gender": "Female",
  "gender_code": "K",
  "age": 23,
  "weight": 42,
  "height": 150,
  "bmi": 18.67,
  "pre_itug_metrics": {
    "test_type": "Pre_ITUG",
    "valid": true,
    "num_samples": 2330,
    "duration_seconds": 23.3,
    "PC1_mean": 0.0,
    "PC1_std": 2.38334408695499,
    "PC1_range": 18.826448405068266,
    "PC1_dominant_freq": 0.390625,
    "PC1_spectral_entropy": 0.14343032260598162,
    "stride_frequency": 1.3071895424836601,
    "num_strides": 30
  },
  "pre_isway_metrics": {
    "test_type": "Pre_ISWAY",
    "valid": true,
    "num_samples": 12600,
    "duration_seconds": 126.0,
    "PC1_mean": -7.218211918832764e-17,
    "PC1_std": 2.5691131512539007,
    "PC1_range": 65.22748725223917,
    "PC1_dominant_freq": 0.390625,
    "PC1_spectral_entropy": -0.07817495552522116,
    "sway_area": 1373.9755666679855,
    "mean_distance": 1.3576258040385634,
    "path_length": 660.6616271681579
  },
  "post_itug_metrics": {
    "test_type": "Post_ITUG",
    "valid": true,
    "num_samples": 2297,
    "duration_seconds": 22.97,
    "PC1_mean": -9.898723354080629e-17,
    "PC1_std": 2.35482250708986,
    "PC1_range": 14.882198778614985,
    "PC1_dominant_freq": 0.390625,
    "PC1_spectral_entropy": 0.11209140612273956,
    "stride_frequency": 1.3531209079004798,
    "num_strides": 31
  },
  "post_isway_metrics": {
    "test_type": "Post_ISWAY",
    "valid": true,
    "num_samples": 6229,
    "duration_seconds": 62.29,
    "PC1_mean": 3.6502436256739775e-17,
    "PC1_std": 2.8036489492800216,
    "PC1_range": 37.932600970092096,
    "PC1_dominant_freq": 0.390625,
    "PC1_spectral_entropy": -2.215866780801018,
    "sway_area": 703.9193022758965,
    "mean_distance": 1.5994791000828352,
    "path_length": 359.8632183741056
  },
  "initial_rating": 5.633928571428571,
  "final_rating": 5.723214285714286,
  "rejected_pair_rating_diff": 0.16216216216216217,
  "chosen_pair_rating_diff": 0.04054054054054054,
  "computer_pair_rating_diff": -3.0,
  "timeout_count": 10
}