{
  "name": "Yurdagul",
  "gender": "Female",
  "gender_code": "K",
  "age": 18,
  "weight": 51,
  "height": 160,
  "bmi": 19.92,
  "pre_itug_metrics": {
    "test_type": "Pre_ITUG",
    "valid": true,
    "num_samples": 1860,
    "duration_seconds": 18.6,
    "PC1_mean": -3.0428954457703938e-12,
    "PC1_std": 7.69920014357549,
    "PC1_range": 26.500983871283204,
    "PC1_dominant_freq": 0.390625,
    "PC1_spectral_entropy": 0.08668899070595186,
    "stride_frequency": 0.07272727272727272,
    "num_strides": 1
  },
  "pre_isway_metrics": {
    "test_type": "Pre_ISWAY",
    "valid": true,
    "num_samples": 12709,
    "duration_seconds": 127.09,
    "PC1_mean": -2.2258968608029867e-12,
    "PC1_std": 52.278392016448365,
    "PC1_range": 181.07623583214962,
    "PC1_dominant_freq": 0.390625,
    "PC1_spectral_entropy": 0.08410301280510908,
    "sway_area": 1034.9320074921666,
    "mean_distance": 45.272843412655234,
    "path_length": 227.700884586883
  },
  "post_itug_metrics": {
    "test_type": "Post_ITUG",
    "valid": true,
    "num_samples": 1769,
    "duration_seconds": 17.69,
    "PC1_mean": -8.674389264167804e-12,
    "PC1_std": 7.295966374461913,
    "PC1_range": 25.122825775758017,
    "PC1_dominant_freq": 0.390625,
    "PC1_spectral_entropy": 0.08615428003445996,
    "stride_frequency": 0.0655307994757536,
    "num_strides": 1
  },
  "post_isway_metrics": {
    "test_type": "Post_ISWAY",
    "valid": true,
    "num_samples": 12407,
    "duration_seconds": 124.07,
    "PC1_mean": -5.001157937757416e-12,
    "PC1_std": 51.035623050335104,
    "PC1_range": 176.77121289364365,
    "PC1_dominant_freq": 0.390625,
    "PC1_spectral_entropy": 0.08410399847707933,
    "sway_area": 1756.7392995995494,
    "mean_distance": 44.19694158152932,
    "path_length": 250.8379326348345
  },
  "initial_rating": 5.5291479820627805,
  "final_rating": 5.506726457399103,
  "rejected_pair_rating_diff": 0.04918032786885246,
  "chosen_pair_rating_diff": -0.29508196721311475,
  "computer_pair_rating_diff": 1.0,
  "timeout_count": 5
}