{
  "name": "Yurdagul",
  "gender": "Female",
  "gender_code": "K",
  "age": 18,
  "weight": 51,
  "height": 160,
  "bmi": 19.92,
  "pre_itug_metrics": {
    "test_type": "Pre_ITUG",
    "valid": true,
    "num_samples": 1860,
    "duration_seconds": 18.6,
    "PC1_mean": 1.2224391152861939e-16,
    "PC1_std": 2.295900277355527,
    "PC1_range": 8.66244742728167,
    "PC1_dominant_freq": 0.390625,
    "PC1_spectral_entropy": 0.4642534907297583,
    "stride_frequency": 1.375894331315355,
    "num_strides": 25
  },
  "pre_isway_metrics": {
    "test_type": "Pre_ISWAY",
    "valid": true,
    "num_samples": 12709,
    "duration_seconds": 127.09,
    "PC1_mean": -3.5781521039142666e-17,
    "PC1_std": 2.4392015240255986,
    "PC1_range": 40.1581499965771,
    "PC1_dominant_freq": 0.390625,
    "PC1_spectral_entropy": -2.6391392105130964,
    "sway_area": 1778.9118571005076,
    "mean_distance": 1.223273749732603,
    "path_length": 717.0695080054026
  },
  "post_itug_metrics": {
    "test_type": "Post_ITUG",
    "valid": true,
    "num_samples": 1769,
    "duration_seconds": 17.69,
    "PC1_mean": -2.5706464154124595e-16,
    "PC1_std": 2.343791808596295,
    "PC1_range": 15.036031244103768,
    "PC1_dominant_freq": 0.390625,
    "PC1_spectral_entropy": 0.5207025713100893,
    "stride_frequency": 1.3659647125782584,
    "num_strides": 24
  },
  "post_isway_metrics": {
    "test_type": "Post_ISWAY",
    "valid": true,
    "num_samples": 12407,
    "duration_seconds": 124.07,
    "PC1_mean": 0.0,
    "PC1_std": 2.5831413033299704,
    "PC1_range": 44.415145708641006,
    "PC1_dominant_freq": 0.390625,
    "PC1_spectral_entropy": -2.5291632954915726,
    "sway_area": 1959.293893602055,
    "mean_distance": 1.5763635223140362,
    "path_length": 658.7267334379086
  },
  "initial_rating": 5.5291479820627805,
  "final_rating": 5.506726457399103,
  "rejected_pair_rating_diff": 0.04918032786885246,
  "chosen_pair_rating_diff": -0.29508196721311475,
  "computer_pair_rating_diff": 1.0,
  "timeout_count": 5
}