{
  "name": "AzranurYurt",
  "gender": "Female",
  "gender_code": "K",
  "age": 21,
  "weight": 62,
  "height": 168,
  "bmi": 21.97,
  "pre_itug_metrics": {
    "test_type": "Pre_ITUG",
    "valid": true,
    "num_samples": 2820,
    "duration_seconds": 28.2,
    "PC1_mean": 0.0,
    "PC1_std": 2.267387993632702,
    "PC1_range": 8.949672206145255,
    "PC1_dominant_freq": 0.390625,
    "PC1_spectral_entropy": 0.27961114469928483,
    "stride_frequency": 1.339608979000724,
    "num_strides": 37
  },
  "pre_isway_metrics": {
    "test_type": "Pre_ISWAY",
    "valid": true,
    "num_samples": 13255,
    "duration_seconds": 132.55,
    "PC1_mean": -8.57690212912984e-17,
    "PC1_std": 2.6439358179573373,
    "PC1_range": 44.525828413892654,
    "PC1_dominant_freq": 0.390625,
    "PC1_spectral_entropy": -0.2597487163890413,
    "sway_area": 1077.1358324517435,
    "mean_distance": 1.2477449901336255,
    "path_length": 667.2014645614568
  },
  "post_itug_metrics": {
    "test_type": "Post_ITUG",
    "valid": true,
    "num_samples": 1985,
    "duration_seconds": 19.85,
    "PC1_mean": 0.0,
    "PC1_std": 2.3338207881086834,
    "PC1_range": 8.550592335987476,
    "PC1_dominant_freq": 0.390625,
    "PC1_spectral_entropy": 0.33459254066393085,
    "stride_frequency": 1.568825910931174,
    "num_strides": 31
  },
  "post_isway_metrics": {
    "test_type": "Post_ISWAY",
    "valid": true,
    "num_samples": 12625,
    "duration_seconds": 126.25,
    "PC1_mean": -1.3507347056033587e-17,
    "PC1_std": 2.599026045351859,
    "PC1_range": 44.47019119929671,
    "PC1_dominant_freq": 0.390625,
    "PC1_spectral_entropy": -0.7294077146625036,
    "sway_area": 1072.6509822671635,
    "mean_distance": 1.314446894558616,
    "path_length": 704.0398520055187
  },
  "initial_rating": 5.522321428571429,
  "final_rating": 5.28125,
  "rejected_pair_rating_diff": -0.028169014084507043,
  "chosen_pair_rating_diff": -0.4507042253521127,
  "computer_pair_rating_diff": 0.0,
  "timeout_count": 9
}