{
  "name": "AzranurYurt",
  "gender": "Female",
  "gender_code": "K",
  "age": 21,
  "weight": 62,
  "height": 168,
  "bmi": 21.97,
  "pre_itug_metrics": {
    "test_type": "Pre_ITUG",
    "valid": true,
    "num_samples": 2820,
    "duration_seconds": 28.2,
    "PC1_mean": -1.0965538957545943e-14,
    "PC1_std": 11.629153881984022,
    "PC1_range": 40.17005906739955,
    "PC1_dominant_freq": 0.390625,
    "PC1_spectral_entropy": 0.08508909878541887,
    "stride_frequency": 0.08532423208191126,
    "num_strides": 2
  },
  "pre_isway_metrics": {
    "test_type": "Pre_ISWAY",
    "valid": true,
    "num_samples": 13255,
    "duration_seconds": 132.55,
    "PC1_mean": -3.073961723080135e-14,
    "PC1_std": 54.53260581518952,
    "PC1_range": 188.88506848567243,
    "PC1_dominant_freq": 0.390625,
    "PC1_spectral_entropy": 0.08408557966065895,
    "sway_area": 618.9681982245753,
    "mean_distance": 47.225232916755246,
    "path_length": 214.56354344928832
  },
  "post_itug_metrics": {
    "test_type": "Post_ITUG",
    "valid": true,
    "num_samples": 1985,
    "duration_seconds": 19.85,
    "PC1_mean": 7.697486644728058e-14,
    "PC1_std": 8.200812685365454,
    "PC1_range": 28.269205398508653,
    "PC1_dominant_freq": 0.390625,
    "PC1_spectral_entropy": 0.08583421612696232,
    "stride_frequency": 0.1665741254858412,
    "num_strides": 3
  },
  "post_isway_metrics": {
    "test_type": "Post_ISWAY",
    "valid": true,
    "num_samples": 12625,
    "duration_seconds": 126.25,
    "PC1_mean": 4.149457015613518e-14,
    "PC1_std": 51.93997030237101,
    "PC1_range": 179.90390404360937,
    "PC1_dominant_freq": 0.390625,
    "PC1_spectral_entropy": 0.08408750133656834,
    "sway_area": 416.6639714895248,
    "mean_distance": 44.97983810794881,
    "path_length": 198.50704051060555
  },
  "initial_rating": 5.522321428571429,
  "final_rating": 5.28125,
  "rejected_pair_rating_diff": -0.028169014084507043,
  "chosen_pair_rating_diff": -0.4507042253521127,
  "computer_pair_rating_diff": 0.0,
  "timeout_count": 9
}