{
  "name": "Meryemnur",
  "gender": "Female",
  "gender_code": "K",
  "age": 21,
  "weight": 60,
  "height": 163,
  "bmi": 22.58,
  "pre_itug_metrics": {
    "test_type": "Pre_ITUG",
    "valid": true,
    "num_samples": 2015,
    "duration_seconds": 20.15,
    "PC1_mean": -1.0642216416080447e-11,
    "PC1_std": 8.335995230075518,
    "PC1_range": 28.68710922308212,
    "PC1_dominant_freq": 0.390625,
    "PC1_spectral_entropy": 0.08711297843003298,
    "stride_frequency": null,
    "num_strides": 0
  },
  "pre_isway_metrics": {
    "test_type": "Pre_ISWAY",
    "valid": true,
    "num_samples": 13096,
    "duration_seconds": 130.96,
    "PC1_mean": -1.0689479573678154e-11,
    "PC1_std": 53.86996903754329,
    "PC1_range": 186.58996163205,
    "PC1_dominant_freq": 0.390625,
    "PC1_spectral_entropy": 0.08410294190775928,
    "sway_area": 992.5503524645886,
    "mean_distance": 46.651387087399335,
    "path_length": 229.87443360480302
  },
  "post_itug_metrics": {
    "test_type": "Post_ITUG",
    "valid": true,
    "num_samples": 2092,
    "duration_seconds": 20.92,
    "PC1_mean": -8.108067011503399e-13,
    "PC1_std": 8.64995491606033,
    "PC1_range": 29.793882803827298,
    "PC1_dominant_freq": 0.390625,
    "PC1_spectral_entropy": 0.08544370229336608,
    "stride_frequency": null,
    "num_strides": 0
  },
  "post_isway_metrics": {
    "test_type": "Post_ISWAY",
    "valid": true,
    "num_samples": 13979,
    "duration_seconds": 139.79,
    "PC1_mean": -9.768593783746659e-12,
    "PC1_std": 57.50638508078596,
    "PC1_range": 199.18678030941695,
    "PC1_dominant_freq": 0.390625,
    "PC1_spectral_entropy": 0.084094744593677,
    "sway_area": 579.3058771824936,
    "mean_distance": 49.80093762582261,
    "path_length": 218.56314231528063
  },
  "initial_rating": 5.573991031390134,
  "final_rating": 5.565022421524664,
  "rejected_pair_rating_diff": -0.08955223880597014,
  "chosen_pair_rating_diff": -0.05970149253731343,
  "computer_pair_rating_diff": 0.0,
  "timeout_count": 4
}