{
  "name": "Meryemnur",
  "gender": "Female",
  "gender_code": "K",
  "age": 21,
  "weight": 60,
  "height": 163,
  "bmi": 22.58,
  "pre_itug_metrics": {
    "test_type": "Pre_ITUG",
    "valid": true,
    "num_samples": 2015,
    "duration_seconds": 20.15,
    "PC1_mean": -1.128405337187256e-16,
    "PC1_std": 2.3271094553357687,
    "PC1_range": 9.401248516186717,
    "PC1_dominant_freq": 0.390625,
    "PC1_spectral_entropy": 0.5065137820914468,
    "stride_frequency": 1.456554495228528,
    "num_strides": 29
  },
  "pre_isway_metrics": {
    "test_type": "Pre_ISWAY",
    "valid": true,
    "num_samples": 13096,
    "duration_seconds": 130.96,
    "PC1_mean": 6.944828205352232e-17,
    "PC1_std": 2.751750962873262,
    "PC1_range": 45.81908204445244,
    "PC1_dominant_freq": 0.390625,
    "PC1_spectral_entropy": 0.15891237258202245,
    "sway_area": 936.2199454211844,
    "mean_distance": 1.4759565023709387,
    "path_length": 618.6974282982264
  },
  "post_itug_metrics": {
    "test_type": "Post_ITUG",
    "valid": true,
    "num_samples": 2092,
    "duration_seconds": 20.92,
    "PC1_mean": 0.0,
    "PC1_std": 2.3647724451505336,
    "PC1_range": 9.466332403142367,
    "PC1_dominant_freq": 0.390625,
    "PC1_spectral_entropy": 0.4705018873963931,
    "stride_frequency": 1.3081395348837208,
    "num_strides": 27
  },
  "post_isway_metrics": {
    "test_type": "Post_ISWAY",
    "valid": true,
    "num_samples": 13979,
    "duration_seconds": 139.79,
    "PC1_mean": 0.0,
    "PC1_std": 2.7455299222632767,
    "PC1_range": 46.66001816871549,
    "PC1_dominant_freq": 0.390625,
    "PC1_spectral_entropy": -0.04576508209461249,
    "sway_area": 1093.2887552002799,
    "mean_distance": 1.7441914446213804,
    "path_length": 660.6329283597644
  },
  "initial_rating": 5.573991031390134,
  "final_rating": 5.565022421524664,
  "rejected_pair_rating_diff": -0.08955223880597014,
  "chosen_pair_rating_diff": -0.05970149253731343,
  "computer_pair_rating_diff": 0.0,
  "timeout_count": 4
}