{
  "name": "BinnurErcan",
  "gender": "Female",
  "gender_code": "K",
  "age": 23,
  "weight": 60,
  "height": 165,
  "bmi": 22.04,
  "pre_itug_metrics": {
    "test_type": "Pre_ITUG",
    "valid": true,
    "num_samples": 2415,
    "duration_seconds": 24.15,
    "PC1_mean": 7.562175408530186e-13,
    "PC1_std": 9.969297222798245,
    "PC1_range": 34.40153764404269,
    "PC1_dominant_freq": 0.390625,
    "PC1_spectral_entropy": 0.08578408616840882,
    "stride_frequency": 0.05411255411255411,
    "num_strides": 1
  },
  "pre_isway_metrics": {
    "test_type": "Pre_ISWAY",
    "valid": true,
    "num_samples": 13105,
    "duration_seconds": 131.05,
    "PC1_mean": 1.4657404121666727e-12,
    "PC1_std": 53.90981994975264,
    "PC1_range": 186.7277066776824,
    "PC1_dominant_freq": 0.390625,
    "PC1_spectral_entropy": 0.08409754081489698,
    "sway_area": 535.3249950875709,
    "mean_distance": 46.685700456718926,
    "path_length": 203.6233096074278
  },
  "post_itug_metrics": {
    "test_type": "Post_ITUG",
    "valid": true,
    "num_samples": 255,
    "duration_seconds": 2.55,
    "PC1_mean": 8.977916449486443e-13,
    "PC1_std": 1.051040796729427,
    "PC1_range": 3.6194932641829975,
    "PC1_dominant_freq": 0.392156862745098,
    "PC1_spectral_entropy": 0.08487749002837865,
    "stride_frequency": null,
    "num_strides": 0
  },
  "post_isway_metrics": {
    "test_type": "Post_ISWAY",
    "valid": true,
    "num_samples": 13298,
    "duration_seconds": 132.98,
    "PC1_mean": 1.3569239647446906e-13,
    "PC1_std": 54.70532144712078,
    "PC1_range": 189.48338265378692,
    "PC1_dominant_freq": 0.390625,
    "PC1_spectral_entropy": 0.08409427409911424,
    "sway_area": 447.80526002229317,
    "mean_distance": 47.374605687138356,
    "path_length": 203.27764274028831
  },
  "initial_rating": 5.763392857142857,
  "final_rating": 5.321428571428571,
  "rejected_pair_rating_diff": -0.5,
  "chosen_pair_rating_diff": -0.4444444444444444,
  "computer_pair_rating_diff": 1.0,
  "timeout_count": 16
}