{
  "name": "BinnurErcan",
  "gender": "Female",
  "gender_code": "K",
  "age": 23,
  "weight": 60,
  "height": 165,
  "bmi": 22.04,
  "pre_itug_metrics": {
    "test_type": "Pre_ITUG",
    "valid": true,
    "num_samples": 2415,
    "duration_seconds": 24.15,
    "PC1_mean": -1.883011804912895e-16,
    "PC1_std": 2.2424812849295592,
    "PC1_range": 9.000802061938725,
    "PC1_dominant_freq": 0.390625,
    "PC1_spectral_entropy": 0.3781506981018991,
    "stride_frequency": 1.311891663140076,
    "num_strides": 31
  },
  "pre_isway_metrics": {
    "test_type": "Pre_ISWAY",
    "valid": true,
    "num_samples": 13105,
    "duration_seconds": 131.05,
    "PC1_mean": -3.036275711756246e-17,
    "PC1_std": 2.5080427983712203,
    "PC1_range": 44.83065486530273,
    "PC1_dominant_freq": 0.390625,
    "PC1_spectral_entropy": -1.456095139146149,
    "sway_area": 1235.1902763453477,
    "mean_distance": 0.9682858392831157,
    "path_length": 608.4319582090251
  },
  "post_itug_metrics": {
    "test_type": "Post_ITUG",
    "valid": true,
    "num_samples": 255,
    "duration_seconds": 2.55,
    "PC1_mean": 0.0,
    "PC1_std": 2.841352495573122,
    "PC1_range": 11.913152738091508,
    "PC1_dominant_freq": 0.392156862745098,
    "PC1_spectral_entropy": -0.6707948063338408,
    "stride_frequency": 1.2195121951219512,
    "num_strides": 3
  },
  "post_isway_metrics": {
    "test_type": "Post_ISWAY",
    "valid": true,
    "num_samples": 13298,
    "duration_seconds": 132.98,
    "PC1_mean": 1.7098336249303057e-17,
    "PC1_std": 2.611951198401624,
    "PC1_range": 49.47911183571059,
    "PC1_dominant_freq": 0.390625,
    "PC1_spectral_entropy": -1.1812888546702154,
    "sway_area": 1337.5541668838139,
    "mean_distance": 1.1677324563640803,
    "path_length": 637.0658623091574
  },
  "initial_rating": 5.763392857142857,
  "final_rating": 5.321428571428571,
  "rejected_pair_rating_diff": -0.5,
  "chosen_pair_rating_diff": -0.4444444444444444,
  "computer_pair_rating_diff": 1.0,
  "timeout_count": 16
}