{
  "name": "NisaCorak",
  "gender": "Female",
  "gender_code": "K",
  "age": 19,
  "weight": 58,
  "height": 161,
  "bmi": 22.38,
  "pre_itug_metrics": {
    "test_type": "Pre_ITUG",
    "valid": true,
    "num_samples": 2682,
    "duration_seconds": 26.82,
    "PC1_mean": -6.070080224360707e-13,
    "PC1_std": 11.04702632340844,
    "PC1_range": 38.15661661316148,
    "PC1_dominant_freq": 0.390625,
    "PC1_spectral_entropy": 0.08592322041062989,
    "stride_frequency": 0.04835589941972921,
    "num_strides": 1
  },
  "pre_isway_metrics": {
    "test_type": "Pre_ISWAY",
    "valid": true,
    "num_samples": 12876,
    "duration_seconds": 128.76,
    "PC1_mean": -2.2105891726223643e-12,
    "PC1_std": 52.96801936220836,
    "PC1_range": 183.4650934041595,
    "PC1_dominant_freq": 0.390625,
    "PC1_spectral_entropy": 0.08409737332939325,
    "sway_area": 1049.3618223128917,
    "mean_distance": 45.870171484677975,
    "path_length": 232.69783365616883
  },
  "post_itug_metrics": {
    "test_type": "Post_ITUG",
    "valid": true,
    "num_samples": 2430,
    "duration_seconds": 24.3,
    "PC1_mean": 2.2202150497600865e-12,
    "PC1_std": 10.019571094068045,
    "PC1_range": 34.53836799668106,
    "PC1_dominant_freq": 0.390625,
    "PC1_spectral_entropy": 0.08878369499305841,
    "stride_frequency": 0.09186954524575104,
    "num_strides": 2
  },
  "post_isway_metrics": {
    "test_type": "Post_ISWAY",
    "valid": true,
    "num_samples": 5850,
    "duration_seconds": 58.5,
    "PC1_mean": -1.517379194752783e-12,
    "PC1_std": 24.07008086575391,
    "PC1_range": 83.46089351732559,
    "PC1_dominant_freq": 0.390625,
    "PC1_spectral_entropy": 0.0840902750484019,
    "sway_area": 433.46617396428405,
    "mean_distance": 20.843880436604717,
    "path_length": 126.56653522921991
  },
  "initial_rating": 5.116071428571429,
  "final_rating": 4.772321428571429,
  "rejected_pair_rating_diff": -0.24324324324324326,
  "chosen_pair_rating_diff": -0.6351351351351351,
  "computer_pair_rating_diff": -2.0,
  "timeout_count": 5
}