{
  "name": "NisaCorak",
  "gender": "Female",
  "gender_code": "K",
  "age": 19,
  "weight": 58,
  "height": 161,
  "bmi": 22.38,
  "pre_itug_metrics": {
    "test_type": "Pre_ITUG",
    "valid": true,
    "num_samples": 2682,
    "duration_seconds": 26.82,
    "PC1_mean": 0.0,
    "PC1_std": 2.2455801866708724,
    "PC1_range": 15.861401805337387,
    "PC1_dominant_freq": 0.390625,
    "PC1_spectral_entropy": 0.3514073659995287,
    "stride_frequency": 1.3488197826901462,
    "num_strides": 36
  },
  "pre_isway_metrics": {
    "test_type": "Pre_ISWAY",
    "valid": true,
    "num_samples": 12876,
    "duration_seconds": 128.76,
    "PC1_mean": -7.063487898205407e-17,
    "PC1_std": 2.542266690655014,
    "PC1_range": 50.26840573054861,
    "PC1_dominant_freq": 0.390625,
    "PC1_spectral_entropy": -0.5232781608440917,
    "sway_area": 1276.3767537769695,
    "mean_distance": 1.2695813888224514,
    "path_length": 522.6383057674616
  },
  "post_itug_metrics": {
    "test_type": "Post_ITUG",
    "valid": true,
    "num_samples": 2430,
    "duration_seconds": 24.3,
    "PC1_mean": 1.8713882752529387e-16,
    "PC1_std": 2.4154743246873225,
    "PC1_range": 11.617039110790703,
    "PC1_dominant_freq": 0.390625,
    "PC1_spectral_entropy": -0.11200902168680149,
    "stride_frequency": 1.3647642679900747,
    "num_strides": 33
  },
  "post_isway_metrics": {
    "test_type": "Post_ISWAY",
    "valid": true,
    "num_samples": 5850,
    "duration_seconds": 58.5,
    "PC1_mean": -2.4292059342225647e-18,
    "PC1_std": 2.6096692520502307,
    "PC1_range": 27.65576106771215,
    "PC1_dominant_freq": 0.390625,
    "PC1_spectral_entropy": -2.5035299318542856,
    "sway_area": 539.0870304393828,
    "mean_distance": 1.3692317469047428,
    "path_length": 306.1455488583469
  },
  "initial_rating": 5.116071428571429,
  "final_rating": 4.772321428571429,
  "rejected_pair_rating_diff": -0.24324324324324326,
  "chosen_pair_rating_diff": -0.6351351351351351,
  "computer_pair_rating_diff": -2.0,
  "timeout_count": 5
}