{
  "name": "AysenurHeda",
  "gender": "Female",
  "gender_code": "K",
  "age": 23,
  "weight": 55,
  "height": 168,
  "bmi": 19.49,
  "pre_itug_metrics": {
    "test_type": "Pre_ITUG",
    "valid": true,
    "num_samples": 1896,
    "duration_seconds": 18.96,
    "PC1_mean": 1.0970539994486746e-12,
    "PC1_std": 7.824278685228621,
    "PC1_range": 26.936399358971542,
    "PC1_dominant_freq": 0.390625,
    "PC1_spectral_entropy": 0.08579082867382123,
    "stride_frequency": null,
    "num_strides": 0
  },
  "pre_isway_metrics": {
    "test_type": "Pre_ISWAY",
    "valid": true,
    "num_samples": 12418,
    "duration_seconds": 124.18,
    "PC1_mean": 8.179446633435386e-13,
    "PC1_std": 51.08518430158737,
    "PC1_range": 176.94294365748218,
    "PC1_dominant_freq": 0.390625,
    "PC1_spectral_entropy": 0.0840948186439458,
    "sway_area": 1592.783001346563,
    "mean_distance": 44.23967583652683,
    "path_length": 237.64457295882735
  },
  "post_itug_metrics": {
    "test_type": "Post_ITUG",
    "valid": true,
    "num_samples": 1784,
    "duration_seconds": 17.84,
    "PC1_mean": -1.8597739193204274e-12,
    "PC1_std": 7.380225772229074,
    "PC1_range": 25.442970524248913,
    "PC1_dominant_freq": 0.390625,
    "PC1_spectral_entropy": 0.08952316380866841,
    "stride_frequency": 0.25348542458808615,
    "num_strides": 4
  },
  "post_isway_metrics": {
    "test_type": "Post_ISWAY",
    "valid": true,
    "num_samples": 12453,
    "duration_seconds": 124.53,
    "PC1_mean": 5.302866080970752e-12,
    "PC1_std": 51.23378187231428,
    "PC1_range": 177.5002773832088,
    "PC1_dominant_freq": 0.390625,
    "PC1_spectral_entropy": 0.08450912441553539,
    "sway_area": 1096.0108262754347,
    "mean_distance": 44.44871945266711,
    "path_length": 485.56368213274357
  },
  "initial_rating": 4.732142857142857,
  "final_rating": 4.616071428571429,
  "rejected_pair_rating_diff": -0.288135593220339,
  "chosen_pair_rating_diff": -0.22033898305084745,
  "computer_pair_rating_diff": 0.0,
  "timeout_count": 2
}