{
  "name": "AysenurHeda",
  "gender": "Female",
  "gender_code": "K",
  "age": 23,
  "weight": 55,
  "height": 168,
  "bmi": 19.49,
  "pre_itug_metrics": {
    "test_type": "Pre_ITUG",
    "valid": true,
    "num_samples": 1896,
    "duration_seconds": 18.96,
    "PC1_mean": 1.1992282460086078e-16,
    "PC1_std": 2.221859419990375,
    "PC1_range": 8.317389483026274,
    "PC1_dominant_freq": 0.390625,
    "PC1_spectral_entropy": 0.18980543786742665,
    "stride_frequency": 1.1866235167206043,
    "num_strides": 22
  },
  "pre_isway_metrics": {
    "test_type": "Pre_ISWAY",
    "valid": true,
    "num_samples": 12418,
    "duration_seconds": 124.18,
    "PC1_mean": 0.0,
    "PC1_std": 2.451845889071196,
    "PC1_range": 41.25301678682192,
    "PC1_dominant_freq": 0.390625,
    "PC1_spectral_entropy": -1.3070640030746925,
    "sway_area": 1823.8813445051544,
    "mean_distance": 1.5319696437301524,
    "path_length": 596.4482723731029
  },
  "post_itug_metrics": {
    "test_type": "Post_ITUG",
    "valid": true,
    "num_samples": 1784,
    "duration_seconds": 17.84,
    "PC1_mean": 0.0,
    "PC1_std": 2.2097473953938103,
    "PC1_range": 8.372650230560936,
    "PC1_dominant_freq": 0.390625,
    "PC1_spectral_entropy": 0.30837545837696173,
    "stride_frequency": 1.2429378531073445,
    "num_strides": 22
  },
  "post_isway_metrics": {
    "test_type": "Post_ISWAY",
    "valid": true,
    "num_samples": 12453,
    "duration_seconds": 124.53,
    "PC1_mean": -5.4775638507162626e-17,
    "PC1_std": 2.4323976545422017,
    "PC1_range": 47.53347572053678,
    "PC1_dominant_freq": 0.390625,
    "PC1_spectral_entropy": -1.3667054973578519,
    "sway_area": 1525.1969157627673,
    "mean_distance": 1.3493272773226517,
    "path_length": 681.7984975698339
  },
  "initial_rating": 4.732142857142857,
  "final_rating": 4.616071428571429,
  "rejected_pair_rating_diff": -0.288135593220339,
  "chosen_pair_rating_diff": -0.22033898305084745,
  "computer_pair_rating_diff": 0.0,
  "timeout_count": 2
}