{
  "name": "TogbaKoc",
  "gender": "Female",
  "gender_code": "K",
  "age": 21,
  "weight": 75,
  "height": 175,
  "bmi": 24.49,
  "pre_itug_metrics": {
    "test_type": "Pre_ITUG",
    "valid": true,
    "num_samples": 2297,
    "duration_seconds": 22.97,
    "PC1_mean": 3.7290470619492545e-12,
    "PC1_std": 9.467393495952916,
    "PC1_range": 32.661554766394374,
    "PC1_dominant_freq": 0.390625,
    "PC1_spectral_entropy": 0.10172015249397469,
    "stride_frequency": 0.31233732431025507,
    "num_strides": 6
  },
  "pre_isway_metrics": {
    "test_type": "Pre_ISWAY",
    "valid": true,
    "num_samples": 6112,
    "duration_seconds": 61.12,
    "PC1_mean": -7.356907404393582e-13,
    "PC1_std": 26.606282044561187,
    "PC1_range": 123.3162282424008,
    "PC1_dominant_freq": 0.390625,
    "PC1_spectral_entropy": 0.11240769010069827,
    "sway_area": 989.2655935213778,
    "mean_distance": 22.40743792346271,
    "path_length": 183.4489978664335
  },
  "post_itug_metrics": {
    "test_type": "Post_ITUG",
    "valid": true,
    "num_samples": 1884,
    "duration_seconds": 18.84,
    "PC1_mean": 4.383339645487361e-12,
    "PC1_std": 7.766985454908668,
    "PC1_range": 26.77912601648076,
    "PC1_dominant_freq": 0.390625,
    "PC1_spectral_entropy": 0.08728446486355114,
    "stride_frequency": 0.06688963210702341,
    "num_strides": 1
  },
  "post_isway_metrics": {
    "test_type": "Post_ISWAY",
    "valid": true,
    "num_samples": 5812,
    "duration_seconds": 58.12,
    "PC1_mean": 3.1322171284733194e-12,
    "PC1_std": 23.916262496661393,
    "PC1_range": 82.93116325171974,
    "PC1_dominant_freq": 0.390625,
    "PC1_spectral_entropy": 0.08401234221274473,
    "sway_area": 759.8596289871994,
    "mean_distance": 20.71094889857542,
    "path_length": 141.87576074398652
  },
  "initial_rating": 5.254464285714286,
  "final_rating": 5.165178571428571,
  "rejected_pair_rating_diff": -0.13846153846153847,
  "chosen_pair_rating_diff": -0.13846153846153847,
  "computer_pair_rating_diff": -1.0,
  "timeout_count": 8
}