{
  "name": "TogbaKoc",
  "gender": "Female",
  "gender_code": "K",
  "age": 21,
  "weight": 75,
  "height": 175,
  "bmi": 24.49,
  "pre_itug_metrics": {
    "test_type": "Pre_ITUG",
    "valid": true,
    "num_samples": 2297,
    "duration_seconds": 22.97,
    "PC1_mean": 9.898723354080629e-17,
    "PC1_std": 2.2690801098870375,
    "PC1_range": 10.560072154953694,
    "PC1_dominant_freq": 0.390625,
    "PC1_spectral_entropy": 0.38510287378593366,
    "stride_frequency": 1.2797881729920566,
    "num_strides": 29
  },
  "pre_isway_metrics": {
    "test_type": "Pre_ISWAY",
    "valid": true,
    "num_samples": 6112,
    "duration_seconds": 61.12,
    "PC1_mean": 0.0,
    "PC1_std": 2.4221744668768754,
    "PC1_range": 33.57499210503372,
    "PC1_dominant_freq": 0.390625,
    "PC1_spectral_entropy": -1.4692611873305972,
    "sway_area": 1305.9425876462387,
    "mean_distance": 1.3261870736992243,
    "path_length": 356.6397884369242
  },
  "post_itug_metrics": {
    "test_type": "Post_ITUG",
    "valid": true,
    "num_samples": 1884,
    "duration_seconds": 18.84,
    "PC1_mean": 0.0,
    "PC1_std": 2.381496928894585,
    "PC1_range": 10.532566599391636,
    "PC1_dominant_freq": 0.390625,
    "PC1_spectral_entropy": 0.3301802477486895,
    "stride_frequency": 1.4446227929373996,
    "num_strides": 27
  },
  "post_isway_metrics": {
    "test_type": "Post_ISWAY",
    "valid": true,
    "num_samples": 5812,
    "duration_seconds": 58.12,
    "PC1_mean": 0.0,
    "PC1_std": 2.3781346714177443,
    "PC1_range": 52.42474636353556,
    "PC1_dominant_freq": 0.390625,
    "PC1_spectral_entropy": 0.8111128142217252,
    "sway_area": 815.0898372869768,
    "mean_distance": 1.5941000890982229,
    "path_length": 319.2155625342358
  },
  "initial_rating": 5.254464285714286,
  "final_rating": 5.165178571428571,
  "rejected_pair_rating_diff": -0.13846153846153847,
  "chosen_pair_rating_diff": -0.13846153846153847,
  "computer_pair_rating_diff": -1.0,
  "timeout_count": 8
}