{
  "name": "AyseBeyza",
  "gender": "Female",
  "gender_code": "K",
  "age": 18,
  "weight": 60,
  "height": 159,
  "bmi": 23.73,
  "pre_itug_metrics": {
    "test_type": "Pre_ITUG",
    "valid": true,
    "num_samples": 2171,
    "duration_seconds": 21.71,
    "PC1_mean": -4.340103689713283e-12,
    "PC1_std": 8.957556194410248,
    "PC1_range": 30.827591564796595,
    "PC1_dominant_freq": 0.390625,
    "PC1_spectral_entropy": 0.08949892163018006,
    "stride_frequency": 0.0564652738565782,
    "num_strides": 1
  },
  "pre_isway_metrics": {
    "test_type": "Pre_ISWAY",
    "valid": true,
    "num_samples": 12722,
    "duration_seconds": 127.22,
    "PC1_mean": 7.686595687362462e-13,
    "PC1_std": 52.33541744632525,
    "PC1_range": 181.273687777097,
    "PC1_dominant_freq": 0.390625,
    "PC1_spectral_entropy": 0.0840952651074995,
    "sway_area": 688.4400499149597,
    "mean_distance": 45.32231006868113,
    "path_length": 220.77342296785858
  },
  "post_itug_metrics": {
    "test_type": "Post_ITUG",
    "valid": true,
    "num_samples": 2223,
    "duration_seconds": 22.23,
    "PC1_mean": -2.317309037715639e-12,
    "PC1_std": 9.178084217272783,
    "PC1_range": 31.537032706972866,
    "PC1_dominant_freq": 0.390625,
    "PC1_spectral_entropy": 0.09103270507846295,
    "stride_frequency": null,
    "num_strides": 0
  },
  "post_isway_metrics": {
    "test_type": "Post_ISWAY",
    "valid": true,
    "num_samples": 14025,
    "duration_seconds": 140.25,
    "PC1_mean": -3.610742602118834e-13,
    "PC1_std": 57.69508922974659,
    "PC1_range": 199.84038495814448,
    "PC1_dominant_freq": 0.390625,
    "PC1_spectral_entropy": 0.08409614746135029,
    "sway_area": 562.6562697636977,
    "mean_distance": 49.96396273210419,
    "path_length": 220.35815248688323
  },
  "initial_rating": 5.165178571428571,
  "final_rating": 4.825892857142857,
  "rejected_pair_rating_diff": -0.7241379310344828,
  "chosen_pair_rating_diff": -0.3275862068965517,
  "computer_pair_rating_diff": 0.0,
  "timeout_count": 14
}