{
  "name": "AyseBeyza",
  "gender": "Female",
  "gender_code": "K",
  "age": 18,
  "weight": 60,
  "height": 159,
  "bmi": 23.73,
  "pre_itug_metrics": {
    "test_type": "Pre_ITUG",
    "valid": true,
    "num_samples": 2171,
    "duration_seconds": 21.71,
    "PC1_mean": 1.0473223189462555e-16,
    "PC1_std": 2.19727505938892,
    "PC1_range": 8.8457399522562,
    "PC1_dominant_freq": 0.390625,
    "PC1_spectral_entropy": 0.2222506967076249,
    "stride_frequency": 1.2087401208740118,
    "num_strides": 26
  },
  "pre_isway_metrics": {
    "test_type": "Pre_ISWAY",
    "valid": true,
    "num_samples": 12722,
    "duration_seconds": 127.22,
    "PC1_mean": -3.574495762352336e-17,
    "PC1_std": 2.5841822798741436,
    "PC1_range": 39.12802408909137,
    "PC1_dominant_freq": 0.390625,
    "PC1_spectral_entropy": -0.598608736326178,
    "sway_area": 997.9711031371345,
    "mean_distance": 1.4908000488500752,
    "path_length": 620.0515768542408
  },
  "post_itug_metrics": {
    "test_type": "Post_ITUG",
    "valid": true,
    "num_samples": 2223,
    "duration_seconds": 22.23,
    "PC1_mean": 0.0,
    "PC1_std": 2.219986044919603,
    "PC1_range": 10.297317272328156,
    "PC1_dominant_freq": 0.390625,
    "PC1_spectral_entropy": 0.19540653774658928,
    "stride_frequency": 1.178069777979157,
    "num_strides": 26
  },
  "post_isway_metrics": {
    "test_type": "Post_ISWAY",
    "valid": true,
    "num_samples": 14025,
    "duration_seconds": 140.25,
    "PC1_mean": 0.0,
    "PC1_std": 2.5565661953449914,
    "PC1_range": 33.95013618016316,
    "PC1_dominant_freq": 0.390625,
    "PC1_spectral_entropy": -1.7172996745919882,
    "sway_area": 1391.1529990943943,
    "mean_distance": 1.2138655928292155,
    "path_length": 619.4398322279569
  },
  "initial_rating": 5.165178571428571,
  "final_rating": 4.825892857142857,
  "rejected_pair_rating_diff": -0.7241379310344828,
  "chosen_pair_rating_diff": -0.3275862068965517,
  "computer_pair_rating_diff": 0.0,
  "timeout_count": 14
}