{
  "name": "EfeRecber",
  "gender": "Male",
  "gender_code": "E",
  "age": 20,
  "weight": 98,
  "height": 185,
  "bmi": 28.63,
  "pre_itug_metrics": {
    "test_type": "Pre_ITUG",
    "valid": true,
    "num_samples": 2445,
    "duration_seconds": 24.45,
    "PC1_mean": 0.0,
    "PC1_std": 2.410827228220451,
    "PC1_range": 19.784487683022235,
    "PC1_dominant_freq": 0.390625,
    "PC1_spectral_entropy": -0.3097621493486144,
    "stride_frequency": 1.3658940397350992,
    "num_strides": 33
  },
  "pre_isway_metrics": {
    "test_type": "Pre_ISWAY",
    "valid": true,
    "num_samples": 8450,
    "duration_seconds": 84.5,
    "PC1_mean": -3.363515908923551e-18,
    "PC1_std": 2.6553059303400697,
    "PC1_range": 44.762465812189774,
    "PC1_dominant_freq": 0.390625,
    "PC1_spectral_entropy": -0.5589741632233243,
    "sway_area": 788.3777631133885,
    "mean_distance": 1.1823598211407795,
    "path_length": 367.6351293688045
  },
  "post_itug_metrics": {
    "test_type": "Post_ITUG",
    "valid": true,
    "num_samples": 2219,
    "duration_seconds": 22.19,
    "PC1_mean": 0.0,
    "PC1_std": 2.230241553980422,
    "PC1_range": 14.972343095161467,
    "PC1_dominant_freq": 0.390625,
    "PC1_spectral_entropy": -0.227494056831398,
    "stride_frequency": 1.1436413540713632,
    "num_strides": 25
  },
  "post_isway_metrics": {
    "test_type": "Post_ISWAY",
    "valid": true,
    "num_samples": 12709,
    "duration_seconds": 127.09,
    "PC1_mean": -2.2363450649464166e-17,
    "PC1_std": 2.4918033121421597,
    "PC1_range": 52.80910337251638,
    "PC1_dominant_freq": 0.390625,
    "PC1_spectral_entropy": -0.523695823415381,
    "sway_area": 1345.7720550669326,
    "mean_distance": 1.1520929977488592,
    "path_length": 610.1943798248424
  },
  "initial_rating": 4.379464285714286,
  "final_rating": 4.401785714285714,
  "rejected_pair_rating_diff": -0.6341463414634146,
  "chosen_pair_rating_diff": 0.12195121951219512,
  "computer_pair_rating_diff": 0.0,
  "timeout_count": 8
}