{
  "name": "EfeRecber",
  "gender": "Male",
  "gender_code": "E",
  "age": 20,
  "weight": 98,
  "height": 185,
  "bmi": 28.63,
  "pre_itug_metrics": {
    "test_type": "Pre_ITUG",
    "valid": true,
    "num_samples": 2445,
    "duration_seconds": 24.45,
    "PC1_mean": 3.1886251875654563e-12,
    "PC1_std": 10.063164840740658,
    "PC1_range": 34.82106867737927,
    "PC1_dominant_freq": 0.390625,
    "PC1_spectral_entropy": 0.08429629854085124,
    "stride_frequency": 0.29747149231531983,
    "num_strides": 6
  },
  "pre_isway_metrics": {
    "test_type": "Pre_ISWAY",
    "valid": true,
    "num_samples": 8450,
    "duration_seconds": 84.5,
    "PC1_mean": 5.2343841818486445e-12,
    "PC1_std": 34.78014829679088,
    "PC1_range": 120.69233169652577,
    "PC1_dominant_freq": 0.390625,
    "PC1_spectral_entropy": 0.08399405371109028,
    "sway_area": 433.88623640289353,
    "mean_distance": 30.11495184989273,
    "path_length": 143.4719721335915
  },
  "post_itug_metrics": {
    "test_type": "Post_ITUG",
    "valid": true,
    "num_samples": 2219,
    "duration_seconds": 22.19,
    "PC1_mean": -2.6501995230571223e-12,
    "PC1_std": 9.141238229305033,
    "PC1_range": 31.57824092045494,
    "PC1_dominant_freq": 0.390625,
    "PC1_spectral_entropy": 0.09393791567381905,
    "stride_frequency": 0.2683843263553408,
    "num_strides": 5
  },
  "post_isway_metrics": {
    "test_type": "Post_ISWAY",
    "valid": true,
    "num_samples": 12709,
    "duration_seconds": 127.09,
    "PC1_mean": 3.3434253258974907e-13,
    "PC1_std": 52.285220145036895,
    "PC1_range": 181.09999972992495,
    "PC1_dominant_freq": 0.390625,
    "PC1_spectral_entropy": 0.08408819806603789,
    "sway_area": 510.1420220381811,
    "mean_distance": 45.27887310087961,
    "path_length": 199.04504377866266
  },
  "initial_rating": 4.379464285714286,
  "final_rating": 4.401785714285714,
  "rejected_pair_rating_diff": -0.6341463414634146,
  "chosen_pair_rating_diff": 0.12195121951219512,
  "computer_pair_rating_diff": 0.0,
  "timeout_count": 8
}