{
  "name": "DilayTorun",
  "gender": "Female",
  "gender_code": "K",
  "age": 21,
  "weight": 55,
  "height": 170,
  "bmi": 19.03,
  "pre_itug_metrics": {
    "test_type": "Pre_ITUG",
    "valid": true,
    "num_samples": 2108,
    "duration_seconds": 21.08,
    "PC1_mean": 9.5954279731641e-13,
    "PC1_std": 8.70119674516345,
    "PC1_range": 29.927028194015087,
    "PC1_dominant_freq": 0.390625,
    "PC1_spectral_entropy": 0.09179722762235719,
    "stride_frequency": 0.06218905472636817,
    "num_strides": 1
  },
  "pre_isway_metrics": {
    "test_type": "Pre_ISWAY",
    "valid": true,
    "num_samples": 13175,
    "duration_seconds": 131.75,
    "PC1_mean": -5.257466147022863e-13,
    "PC1_std": 54.20049610746418,
    "PC1_range": 187.73462581965416,
    "PC1_dominant_freq": 0.390625,
    "PC1_spectral_entropy": 0.08409188911534897,
    "sway_area": 324.2550069688003,
    "mean_distance": 46.93745930801772,
    "path_length": 195.18432865786517
  },
  "post_itug_metrics": {
    "test_type": "Post_ITUG",
    "valid": true,
    "num_samples": 2020,
    "duration_seconds": 20.2,
    "PC1_mean": 1.2201636840617008e-13,
    "PC1_std": 8.359449346092937,
    "PC1_range": 28.744548417626973,
    "PC1_dominant_freq": 0.390625,
    "PC1_spectral_entropy": 0.08834501780451756,
    "stride_frequency": null,
    "num_strides": 0
  },
  "post_isway_metrics": {
    "test_type": "Post_ISWAY",
    "valid": true,
    "num_samples": 12857,
    "duration_seconds": 128.57,
    "PC1_mean": 2.014654204440616e-12,
    "PC1_std": 52.89294274938324,
    "PC1_range": 183.20510394102524,
    "PC1_dominant_freq": 0.390625,
    "PC1_spectral_entropy": 0.08409058551092839,
    "sway_area": 294.97641993322804,
    "mean_distance": 45.80509546991998,
    "path_length": 193.20759181189365
  },
  "initial_rating": 5.013392857142857,
  "final_rating": 3.455357142857143,
  "rejected_pair_rating_diff": -2.015151515151515,
  "chosen_pair_rating_diff": -1.3181818181818181,
  "computer_pair_rating_diff": 0.0,
  "timeout_count": 4
}