{
  "name": "DilayTorun",
  "gender": "Female",
  "gender_code": "K",
  "age": 21,
  "weight": 55,
  "height": 170,
  "bmi": 19.03,
  "pre_itug_metrics": {
    "test_type": "Pre_ITUG",
    "valid": true,
    "num_samples": 2108,
    "duration_seconds": 21.08,
    "PC1_mean": 0.0,
    "PC1_std": 2.2507786753877346,
    "PC1_range": 12.581965838583425,
    "PC1_dominant_freq": 0.390625,
    "PC1_spectral_entropy": -0.8137396324428046,
    "stride_frequency": 1.2826603325415675,
    "num_strides": 27
  },
  "pre_isway_metrics": {
    "test_type": "Pre_ISWAY",
    "valid": true,
    "num_samples": 13175,
    "duration_seconds": 131.75,
    "PC1_mean": -3.4515927961021947e-17,
    "PC1_std": 2.5331082639959046,
    "PC1_range": 41.716821566102034,
    "PC1_dominant_freq": 0.390625,
    "PC1_spectral_entropy": -3.0998820456850087,
    "sway_area": 1086.8513337613924,
    "mean_distance": 1.0276627108743492,
    "path_length": 700.9004615889585
  },
  "post_itug_metrics": {
    "test_type": "Post_ITUG",
    "valid": true,
    "num_samples": 2020,
    "duration_seconds": 20.2,
    "PC1_mean": -1.1256122546694657e-16,
    "PC1_std": 2.3276784168458873,
    "PC1_range": 9.04572422701782,
    "PC1_dominant_freq": 0.390625,
    "PC1_spectral_entropy": 0.3323285723294823,
    "stride_frequency": 1.2974051896207586,
    "num_strides": 26
  },
  "post_isway_metrics": {
    "test_type": "Post_ISWAY",
    "valid": true,
    "num_samples": 12857,
    "duration_seconds": 128.57,
    "PC1_mean": 1.7684815699092482e-17,
    "PC1_std": 2.7177176232363145,
    "PC1_range": 46.284057107614174,
    "PC1_dominant_freq": 0.390625,
    "PC1_spectral_entropy": -3.8401447797227273,
    "sway_area": 1213.288289676791,
    "mean_distance": 1.0933196056168675,
    "path_length": 592.2864156401406
  },
  "initial_rating": 5.013392857142857,
  "final_rating": 3.455357142857143,
  "rejected_pair_rating_diff": -2.015151515151515,
  "chosen_pair_rating_diff": -1.3181818181818181,
  "computer_pair_rating_diff": 0.0,
  "timeout_count": 4
}