{
  "name": "Aysegozde",
  "gender": "Female",
  "gender_code": "K",
  "age": 19,
  "weight": 63,
  "height": 171,
  "bmi": 21.55,
  "pre_itug_metrics": {
    "test_type": "Pre_ITUG",
    "valid": true,
    "num_samples": 2182,
    "duration_seconds": 21.82,
    "PC1_mean": 2.672630626841437e-12,
    "PC1_std": 9.019544496176797,
    "PC1_range": 31.061541082895097,
    "PC1_dominant_freq": 0.390625,
    "PC1_spectral_entropy": 0.08601709575079465,
    "stride_frequency": 0.058445353594389245,
    "num_strides": 1
  },
  "pre_isway_metrics": {
    "test_type": "Pre_ISWAY",
    "valid": true,
    "num_samples": 12626,
    "duration_seconds": 126.26,
    "PC1_mean": 8.759271007095524e-14,
    "PC1_std": 51.94129346427571,
    "PC1_range": 179.9085694706501,
    "PC1_dominant_freq": 0.390625,
    "PC1_spectral_entropy": 0.08409358144298305,
    "sway_area": 468.6186579820116,
    "mean_distance": 44.98087862405241,
    "path_length": 195.61303486604572
  },
  "post_itug_metrics": {
    "test_type": "Post_ITUG",
    "valid": true,
    "num_samples": 2152,
    "duration_seconds": 21.52,
    "PC1_mean": -2.7031264463474204e-12,
    "PC1_std": 8.898435388641659,
    "PC1_range": 30.63333963119024,
    "PC1_dominant_freq": 0.390625,
    "PC1_spectral_entropy": 0.08734028912428991,
    "stride_frequency": null,
    "num_strides": 0
  },
  "post_isway_metrics": {
    "test_type": "Post_ISWAY",
    "valid": true,
    "num_samples": 12723,
    "duration_seconds": 127.23,
    "PC1_mean": -2.2874974814692844e-13,
    "PC1_std": 52.340260154620864,
    "PC1_range": 181.29069845671455,
    "PC1_dominant_freq": 0.390625,
    "PC1_spectral_entropy": 0.08409383145612306,
    "sway_area": 1092.6227142363232,
    "mean_distance": 45.32643691025716,
    "path_length": 238.58910364960087
  },
  "initial_rating": 5.223214285714286,
  "final_rating": 4.955357142857143,
  "rejected_pair_rating_diff": -0.813953488372093,
  "chosen_pair_rating_diff": -0.32558139534883723,
  "computer_pair_rating_diff": -1.0,
  "timeout_count": 5
}