{
  "name": "Aysegozde",
  "gender": "Female",
  "gender_code": "K",
  "age": 19,
  "weight": 63,
  "height": 171,
  "bmi": 21.55,
  "pre_itug_metrics": {
    "test_type": "Pre_ITUG",
    "valid": true,
    "num_samples": 2182,
    "duration_seconds": 21.82,
    "PC1_mean": 0.0,
    "PC1_std": 2.3616773496464005,
    "PC1_range": 12.01778565878051,
    "PC1_dominant_freq": 0.390625,
    "PC1_spectral_entropy": 0.3308566565731656,
    "stride_frequency": 1.3419713095788985,
    "num_strides": 29
  },
  "pre_isway_metrics": {
    "test_type": "Pre_ISWAY",
    "valid": true,
    "num_samples": 12626,
    "duration_seconds": 126.26,
    "PC1_mean": 0.0,
    "PC1_std": 2.6267706213936095,
    "PC1_range": 57.58136699323139,
    "PC1_dominant_freq": 0.390625,
    "PC1_spectral_entropy": -1.0533735661146708,
    "sway_area": 1604.6779492001278,
    "mean_distance": 1.2445572894499761,
    "path_length": 724.3388784411209
  },
  "post_itug_metrics": {
    "test_type": "Post_ITUG",
    "valid": true,
    "num_samples": 2152,
    "duration_seconds": 21.52,
    "PC1_mean": -1.0565691238068404e-16,
    "PC1_std": 2.2389227202612494,
    "PC1_range": 10.025624848851539,
    "PC1_dominant_freq": 0.390625,
    "PC1_spectral_entropy": 0.28479959552023476,
    "stride_frequency": 1.3705103969754253,
    "num_strides": 29
  },
  "post_isway_metrics": {
    "test_type": "Post_ISWAY",
    "valid": true,
    "num_samples": 12723,
    "duration_seconds": 127.23,
    "PC1_mean": 0.0,
    "PC1_std": 2.682045157841833,
    "PC1_range": 38.560838292158586,
    "PC1_dominant_freq": 0.390625,
    "PC1_spectral_entropy": -0.9590068005195374,
    "sway_area": 1343.9594344855338,
    "mean_distance": 1.2837848167426282,
    "path_length": 675.0060825758347
  },
  "initial_rating": 5.223214285714286,
  "final_rating": 4.955357142857143,
  "rejected_pair_rating_diff": -0.813953488372093,
  "chosen_pair_rating_diff": -0.32558139534883723,
  "computer_pair_rating_diff": -1.0,
  "timeout_count": 5
}