{
  "name": "Zehra",
  "gender": "Female",
  "gender_code": "K",
  "age": 22,
  "weight": 58,
  "height": 165,
  "bmi": 21.3,
  "pre_itug_metrics": {
    "test_type": "Pre_ITUG",
    "valid": true,
    "num_samples": 1944,
    "duration_seconds": 19.44,
    "PC1_mean": 0.0,
    "PC1_std": 2.1402317500354777,
    "PC1_range": 10.531911484943716,
    "PC1_dominant_freq": 0.390625,
    "PC1_spectral_entropy": 0.08501273570347602,
    "stride_frequency": 1.5756302521008403,
    "num_strides": 30
  },
  "pre_isway_metrics": {
    "test_type": "Pre_ISWAY",
    "valid": true,
    "num_samples": 13198,
    "duration_seconds": 131.98,
    "PC1_mean": 3.445577745768026e-17,
    "PC1_std": 2.550287548980828,
    "PC1_range": 40.71554677372465,
    "PC1_dominant_freq": 0.390625,
    "PC1_spectral_entropy": -2.927015517599603,
    "sway_area": 1582.053885102057,
    "mean_distance": 1.2988618616882492,
    "path_length": 779.7960031387056
  },
  "post_itug_metrics": {
    "test_type": "Post_ITUG",
    "valid": true,
    "num_samples": 651,
    "duration_seconds": 6.51,
    "PC1_mean": -1.7463415932659912e-16,
    "PC1_std": 3.033532472344007,
    "PC1_range": 12.983646809544823,
    "PC1_dominant_freq": 0.390625,
    "PC1_spectral_entropy": -3.030968777801602,
    "stride_frequency": 1.5432098765432098,
    "num_strides": 10
  },
  "post_isway_metrics": {
    "test_type": "Post_ISWAY",
    "valid": true,
    "num_samples": 12599,
    "duration_seconds": 125.99,
    "PC1_mean": -9.023481047830466e-17,
    "PC1_std": 2.483102320380697,
    "PC1_range": 57.1060251479728,
    "PC1_dominant_freq": 0.390625,
    "PC1_spectral_entropy": -0.4271484572962999,
    "sway_area": 1725.4284192113514,
    "mean_distance": 1.1322801517819305,
    "path_length": 615.283319135956
  },
  "initial_rating": 6.3991031390134525,
  "final_rating": 6.37219730941704,
  "rejected_pair_rating_diff": -0.36363636363636365,
  "chosen_pair_rating_diff": 0.16666666666666666,
  "computer_pair_rating_diff": 1.0,
  "timeout_count": 4
}