{
  "name": "Zehra",
  "gender": "Female",
  "gender_code": "K",
  "age": 22,
  "weight": 58,
  "height": 165,
  "bmi": 21.3,
  "pre_itug_metrics": {
    "test_type": "Pre_ITUG",
    "valid": true,
    "num_samples": 1944,
    "duration_seconds": 19.44,
    "PC1_mean": 6.446932608246374e-13,
    "PC1_std": 8.017657463745111,
    "PC1_range": 27.6266541772964,
    "PC1_dominant_freq": 0.390625,
    "PC1_spectral_entropy": 0.09010471317686683,
    "stride_frequency": 0.07052186177715092,
    "num_strides": 1
  },
  "pre_isway_metrics": {
    "test_type": "Pre_ISWAY",
    "valid": true,
    "num_samples": 13198,
    "duration_seconds": 131.98,
    "PC1_mean": -7.40496004498498e-12,
    "PC1_std": 54.2906652083997,
    "PC1_range": 188.04679653244744,
    "PC1_dominant_freq": 0.390625,
    "PC1_spectral_entropy": 0.08410089536740309,
    "sway_area": 939.1334311931878,
    "mean_distance": 47.01560835092873,
    "path_length": 252.14634781167268
  },
  "post_itug_metrics": {
    "test_type": "Post_ITUG",
    "valid": true,
    "num_samples": 651,
    "duration_seconds": 6.51,
    "PC1_mean": 2.881114360570232e-12,
    "PC1_std": 2.6834000199190453,
    "PC1_range": 9.26121682371166,
    "PC1_dominant_freq": 0.390625,
    "PC1_spectral_entropy": 0.08422894633208347,
    "stride_frequency": null,
    "num_strides": 0
  },
  "post_isway_metrics": {
    "test_type": "Post_ISWAY",
    "valid": true,
    "num_samples": 12599,
    "duration_seconds": 125.99,
    "PC1_mean": -3.2062954737635035e-12,
    "PC1_std": 51.83013934421186,
    "PC1_range": 179.52330770854797,
    "PC1_dominant_freq": 0.390625,
    "PC1_spectral_entropy": 0.08409401880368536,
    "sway_area": 805.233919930772,
    "mean_distance": 44.88483830586612,
    "path_length": 205.83661438265838
  },
  "initial_rating": 6.3991031390134525,
  "final_rating": 6.37219730941704,
  "rejected_pair_rating_diff": -0.36363636363636365,
  "chosen_pair_rating_diff": 0.16666666666666666,
  "computer_pair_rating_diff": 1.0,
  "timeout_count": 4
}