{
  "name": "BurcuAybez",
  "gender": "Female",
  "gender_code": "K",
  "age": 21,
  "weight": 62,
  "height": 155,
  "bmi": 25.81,
  "pre_itug_metrics": {
    "test_type": "Pre_ITUG",
    "valid": true,
    "num_samples": 2305,
    "duration_seconds": 23.05,
    "PC1_mean": -9.864367698187941e-17,
    "PC1_std": 2.4050136354826503,
    "PC1_range": 9.826009593730113,
    "PC1_dominant_freq": 0.390625,
    "PC1_spectral_entropy": 0.05857649515378702,
    "stride_frequency": 1.3239187996469548,
    "num_strides": 30
  },
  "pre_isway_metrics": {
    "test_type": "Pre_ISWAY",
    "valid": true,
    "num_samples": 12929,
    "duration_seconds": 129.29,
    "PC1_mean": 2.8138129840604167e-16,
    "PC1_std": 2.844509466129309,
    "PC1_range": 30.45647034613149,
    "PC1_dominant_freq": 0.390625,
    "PC1_spectral_entropy": -0.41908721370261903,
    "sway_area": 868.958826363674,
    "mean_distance": 1.6948580028259603,
    "path_length": 973.3491376369668
  },
  "post_itug_metrics": {
    "test_type": "Post_ITUG",
    "valid": true,
    "num_samples": 2161,
    "duration_seconds": 21.61,
    "PC1_mean": 0.0,
    "PC1_std": 2.3311078138004375,
    "PC1_range": 9.929263339954574,
    "PC1_dominant_freq": 0.390625,
    "PC1_spectral_entropy": 0.15135775279458774,
    "stride_frequency": 1.3475836431226766,
    "num_strides": 29
  },
  "post_isway_metrics": {
    "test_type": "Post_ISWAY",
    "valid": true,
    "num_samples": 12692,
    "duration_seconds": 126.92,
    "PC1_mean": -2.866355820273962e-16,
    "PC1_std": 2.798866036887094,
    "PC1_range": 27.317053830931304,
    "PC1_dominant_freq": 0.390625,
    "PC1_spectral_entropy": -0.2631662660778366,
    "sway_area": 604.7210897439794,
    "mean_distance": 2.1046929772973098,
    "path_length": 722.257978248987
  },
  "initial_rating": 5.763392857142857,
  "final_rating": 5.446428571428571,
  "rejected_pair_rating_diff": -0.8727272727272727,
  "chosen_pair_rating_diff": -0.2,
  "computer_pair_rating_diff": -2.0,
  "timeout_count": 8
}