{
  "name": "BurcuAybez",
  "gender": "Female",
  "gender_code": "K",
  "age": 21,
  "weight": 62,
  "height": 155,
  "bmi": 25.81,
  "pre_itug_metrics": {
    "test_type": "Pre_ITUG",
    "valid": true,
    "num_samples": 2305,
    "duration_seconds": 23.05,
    "PC1_mean": -2.4526763844774497e-12,
    "PC1_std": 9.494285365366274,
    "PC1_range": 32.791989562001014,
    "PC1_dominant_freq": 0.390625,
    "PC1_spectral_entropy": 0.08614242232638518,
    "stride_frequency": 0.19493177387914232,
    "num_strides": 1
  },
  "pre_isway_metrics": {
    "test_type": "Pre_ISWAY",
    "valid": true,
    "num_samples": 12929,
    "duration_seconds": 129.29,
    "PC1_mean": -5.393516727847007e-12,
    "PC1_std": 53.18890888925449,
    "PC1_range": 184.2298671848041,
    "PC1_dominant_freq": 0.390625,
    "PC1_spectral_entropy": 0.08409108416945914,
    "sway_area": 304.7468473844461,
    "mean_distance": 46.061807311508616,
    "path_length": 191.97629187267586
  },
  "post_itug_metrics": {
    "test_type": "Post_ITUG",
    "valid": true,
    "num_samples": 2161,
    "duration_seconds": 21.61,
    "PC1_mean": -4.398907275766148e-12,
    "PC1_std": 8.897664459802844,
    "PC1_range": 30.766290341708284,
    "PC1_dominant_freq": 0.390625,
    "PC1_spectral_entropy": 0.08565097000374543,
    "stride_frequency": 0.5882352941176471,
    "num_strides": 1
  },
  "post_isway_metrics": {
    "test_type": "Post_ISWAY",
    "valid": true,
    "num_samples": 12692,
    "duration_seconds": 126.92,
    "PC1_mean": -1.8986740953494726e-12,
    "PC1_std": 52.21276210081135,
    "PC1_range": 180.8484972962528,
    "PC1_dominant_freq": 0.390625,
    "PC1_spectral_entropy": 0.08409384526244222,
    "sway_area": 224.20899643229143,
    "mean_distance": 45.21637856863264,
    "path_length": 187.13542433816633
  },
  "initial_rating": 5.763392857142857,
  "final_rating": 5.446428571428571,
  "rejected_pair_rating_diff": -0.8727272727272727,
  "chosen_pair_rating_diff": -0.2,
  "computer_pair_rating_diff": -2.0,
  "timeout_count": 8
}