{
  "name": "Bisenk",
  "gender": "Female",
  "gender_code": "K",
  "age": 21,
  "weight": 47,
  "height": 168,
  "bmi": 16.65,
  "pre_itug_metrics": {
    "test_type": "Pre_ITUG",
    "valid": true,
    "num_samples": 2326,
    "duration_seconds": 23.26,
    "PC1_mean": -2.4008157647832243e-13,
    "PC1_std": 9.601879397930055,
    "PC1_range": 33.02730275775429,
    "PC1_dominant_freq": 0.390625,
    "PC1_spectral_entropy": 0.08488965446822991,
    "stride_frequency": null,
    "num_strides": 0
  },
  "pre_isway_metrics": {
    "test_type": "Pre_ISWAY",
    "valid": true,
    "num_samples": 13421,
    "duration_seconds": 134.21,
    "PC1_mean": 2.0080580435835934e-12,
    "PC1_std": 55.209314610051734,
    "PC1_range": 191.22923239473602,
    "PC1_dominant_freq": 0.390625,
    "PC1_spectral_entropy": 0.084098488197256,
    "sway_area": 828.1923644989905,
    "mean_distance": 47.81122025332016,
    "path_length": 242.43042761175587
  },
  "post_itug_metrics": {
    "test_type": "Post_ITUG",
    "valid": true,
    "num_samples": 2135,
    "duration_seconds": 21.35,
    "PC1_mean": 9.59761856250308e-13,
    "PC1_std": 8.830420293543302,
    "PC1_range": 30.382056645647218,
    "PC1_dominant_freq": 0.390625,
    "PC1_spectral_entropy": 0.0923613083687196,
    "stride_frequency": 0.2032520325203252,
    "num_strides": 4
  },
  "post_isway_metrics": {
    "test_type": "Post_ISWAY",
    "valid": true,
    "num_samples": 12875,
    "duration_seconds": 128.75,
    "PC1_mean": -2.1384251349180646e-12,
    "PC1_std": 52.96153927974326,
    "PC1_range": 183.44224149034602,
    "PC1_dominant_freq": 0.390625,
    "PC1_spectral_entropy": 0.08410353461225459,
    "sway_area": 606.2568183788011,
    "mean_distance": 45.86604385306349,
    "path_length": 209.81639737905877
  },
  "initial_rating": 5.71875,
  "final_rating": 5.995535714285714,
  "rejected_pair_rating_diff": 0.13513513513513514,
  "chosen_pair_rating_diff": 0.14864864864864866,
  "computer_pair_rating_diff": 3.0,
  "timeout_count": 1
}