{
  "name": "Bisenk",
  "gender": "Female",
  "gender_code": "K",
  "age": 21,
  "weight": 47,
  "height": 168,
  "bmi": 16.65,
  "pre_itug_metrics": {
    "test_type": "Pre_ITUG",
    "valid": true,
    "num_samples": 2326,
    "duration_seconds": 23.26,
    "PC1_mean": 0.0,
    "PC1_std": 2.4853824387106442,
    "PC1_range": 9.855385615110611,
    "PC1_dominant_freq": 0.390625,
    "PC1_spectral_entropy": 0.09773502014607603,
    "stride_frequency": 1.3280212483399731,
    "num_strides": 30
  },
  "pre_isway_metrics": {
    "test_type": "Pre_ISWAY",
    "valid": true,
    "num_samples": 13421,
    "duration_seconds": 134.21,
    "PC1_mean": 0.0,
    "PC1_std": 2.633453107081764,
    "PC1_range": 53.55252177469217,
    "PC1_dominant_freq": 0.390625,
    "PC1_spectral_entropy": -1.07312435398934,
    "sway_area": 1342.9743323243272,
    "mean_distance": 1.0548620276755876,
    "path_length": 804.4526684220491
  },
  "post_itug_metrics": {
    "test_type": "Post_ITUG",
    "valid": true,
    "num_samples": 2135,
    "duration_seconds": 21.35,
    "PC1_mean": 0.0,
    "PC1_std": 2.2613984089798476,
    "PC1_range": 11.941470198191006,
    "PC1_dominant_freq": 0.390625,
    "PC1_spectral_entropy": 0.3750981387942997,
    "stride_frequency": 1.4117647058823533,
    "num_strides": 30
  },
  "post_isway_metrics": {
    "test_type": "Post_ISWAY",
    "valid": true,
    "num_samples": 12875,
    "duration_seconds": 128.75,
    "PC1_mean": -1.0596054777937028e-16,
    "PC1_std": 2.6186080958338285,
    "PC1_range": 52.50453271153468,
    "PC1_dominant_freq": 0.390625,
    "PC1_spectral_entropy": -1.3157275320018653,
    "sway_area": 1197.1263158494826,
    "mean_distance": 1.0835196829641147,
    "path_length": 734.2747043727001
  },
  "initial_rating": 5.71875,
  "final_rating": 5.995535714285714,
  "rejected_pair_rating_diff": 0.13513513513513514,
  "chosen_pair_rating_diff": 0.14864864864864866,
  "computer_pair_rating_diff": 3.0,
  "timeout_count": 1
}