{
  "name": "MeteAkis",
  "gender": "Male",
  "gender_code": "E",
  "age": 20,
  "weight": 62,
  "height": 177,
  "bmi": 19.79,
  "pre_itug_metrics": {
    "test_type": "Pre_ITUG",
    "valid": true,
    "num_samples": 2610,
    "duration_seconds": 26.1,
    "PC1_mean": 0.0,
    "PC1_std": 2.2574348543805347,
    "PC1_range": 11.392286964941615,
    "PC1_dominant_freq": 0.390625,
    "PC1_spectral_entropy": 0.42762875490827296,
    "stride_frequency": 1.539645881447267,
    "num_strides": 40
  },
  "pre_isway_metrics": {
    "test_type": "Pre_ISWAY",
    "valid": true,
    "num_samples": 5785,
    "duration_seconds": 57.85,
    "PC1_mean": -1.1791201838024135e-16,
    "PC1_std": 2.571247557009161,
    "PC1_range": 25.247438422193312,
    "PC1_dominant_freq": 0.390625,
    "PC1_spectral_entropy": -0.7842052688028692,
    "sway_area": 421.6934164252953,
    "mean_distance": 1.5897432781394125,
    "path_length": 324.1845899017848
  },
  "post_itug_metrics": {
    "test_type": "Post_ITUG",
    "valid": true,
    "num_samples": 2338,
    "duration_seconds": 23.38,
    "PC1_mean": 0.0,
    "PC1_std": 2.253162754536983,
    "PC1_range": 10.186010685777786,
    "PC1_dominant_freq": 0.390625,
    "PC1_spectral_entropy": 0.37108760105462746,
    "stride_frequency": 1.3710368466152527,
    "num_strides": 32
  },
  "post_isway_metrics": {
    "test_type": "Post_ISWAY",
    "valid": true,
    "num_samples": 12921,
    "duration_seconds": 129.21,
    "PC1_mean": 3.5194439353491535e-17,
    "PC1_std": 2.5715060863337724,
    "PC1_range": 46.39424176219943,
    "PC1_dominant_freq": 0.390625,
    "PC1_spectral_entropy": -0.6385779209924175,
    "sway_area": 1112.0459769810552,
    "mean_distance": 1.1454515076974006,
    "path_length": 667.6314211353795
  },
  "initial_rating": 5.120535714285714,
  "final_rating": 4.910714285714286,
  "rejected_pair_rating_diff": -0.45454545454545453,
  "chosen_pair_rating_diff": -0.16666666666666666,
  "computer_pair_rating_diff": 0.0,
  "timeout_count": 13
}