{
  "name": "MeteAkis",
  "gender": "Male",
  "gender_code": "E",
  "age": 20,
  "weight": 62,
  "height": 177,
  "bmi": 19.79,
  "pre_itug_metrics": {
    "test_type": "Pre_ITUG",
    "valid": true,
    "num_samples": 2610,
    "duration_seconds": 26.1,
    "PC1_mean": -2.17303025297164e-12,
    "PC1_std": 10.77299074184279,
    "PC1_range": 37.159116038472746,
    "PC1_dominant_freq": 0.390625,
    "PC1_spectral_entropy": 0.08607733654990136,
    "stride_frequency": 0.0835421888053467,
    "num_strides": 2
  },
  "pre_isway_metrics": {
    "test_type": "Pre_ISWAY",
    "valid": true,
    "num_samples": 5785,
    "duration_seconds": 57.85,
    "PC1_mean": 1.3734391900930513e-12,
    "PC1_std": 23.80273673021738,
    "PC1_range": 82.53360914354957,
    "PC1_dominant_freq": 0.390625,
    "PC1_spectral_entropy": 0.08401581400232795,
    "sway_area": 364.6275100014793,
    "mean_distance": 20.613336559851156,
    "path_length": 106.88071552445787
  },
  "post_itug_metrics": {
    "test_type": "Post_ITUG",
    "valid": true,
    "num_samples": 2338,
    "duration_seconds": 23.38,
    "PC1_mean": 6.037364316302758e-13,
    "PC1_std": 9.659504980149132,
    "PC1_range": 33.304297285256055,
    "PC1_dominant_freq": 0.390625,
    "PC1_spectral_entropy": 0.08726170748793001,
    "stride_frequency": 0.09389671361502347,
    "num_strides": 2
  },
  "post_isway_metrics": {
    "test_type": "Post_ISWAY",
    "valid": true,
    "num_samples": 12921,
    "duration_seconds": 129.21,
    "PC1_mean": -3.12639243664936e-12,
    "PC1_std": 53.15700805297987,
    "PC1_range": 184.11983904241214,
    "PC1_dominant_freq": 0.390625,
    "PC1_spectral_entropy": 0.08408892200044119,
    "sway_area": 654.2761578327904,
    "mean_distance": 46.033936542460545,
    "path_length": 205.1675967225437
  },
  "initial_rating": 5.120535714285714,
  "final_rating": 4.910714285714286,
  "rejected_pair_rating_diff": -0.45454545454545453,
  "chosen_pair_rating_diff": -0.16666666666666666,
  "computer_pair_rating_diff": 0.0,
  "timeout_count": 13
}