{
  "name": "Leen",
  "gender": "Female",
  "gender_code": "K",
  "age": 20,
  "weight": 45,
  "height": 162,
  "bmi": 17.15,
  "pre_itug_metrics": {
    "test_type": "Pre_ITUG",
    "valid": true,
    "num_samples": 2400,
    "duration_seconds": 24.0,
    "PC1_mean": 1.8947806286936006e-16,
    "PC1_std": 2.391008316915248,
    "PC1_range": 9.336699408313304,
    "PC1_dominant_freq": 0.390625,
    "PC1_spectral_entropy": 0.17085092783511166,
    "stride_frequency": 1.4394580863674853,
    "num_strides": 34
  },
  "pre_isway_metrics": {
    "test_type": "Pre_ISWAY",
    "valid": true,
    "num_samples": 12783,
    "duration_seconds": 127.83,
    "PC1_mean": -3.557438401677729e-17,
    "PC1_std": 2.611759878282771,
    "PC1_range": 42.99161907879633,
    "PC1_dominant_freq": 0.390625,
    "PC1_spectral_entropy": -1.7888730714439787,
    "sway_area": 895.6247777848829,
    "mean_distance": 1.644095077501605,
    "path_length": 848.0631676581897
  },
  "post_itug_metrics": {
    "test_type": "Post_ITUG",
    "valid": true,
    "num_samples": 2346,
    "duration_seconds": 23.46,
    "PC1_mean": 0.0,
    "PC1_std": 2.3460346514797776,
    "PC1_range": 8.99249608069021,
    "PC1_dominant_freq": 0.390625,
    "PC1_spectral_entropy": 0.2563182920298148,
    "stride_frequency": 1.2908777969018932,
    "num_strides": 30
  },
  "post_isway_metrics": {
    "test_type": "Post_ISWAY",
    "valid": true,
    "num_samples": 12742,
    "duration_seconds": 127.42,
    "PC1_mean": 0.0,
    "PC1_std": 2.7049754591426947,
    "PC1_range": 44.81907257723064,
    "PC1_dominant_freq": 0.390625,
    "PC1_spectral_entropy": -0.34437089011718247,
    "sway_area": 999.2770599767375,
    "mean_distance": 1.7774571683294895,
    "path_length": 962.3139794237172
  },
  "initial_rating": 4.584821428571429,
  "final_rating": 4.290178571428571,
  "rejected_pair_rating_diff": -0.8260869565217391,
  "chosen_pair_rating_diff": -0.08695652173913043,
  "computer_pair_rating_diff": 0.0,
  "timeout_count": 7
}