{
  "name": "Leen",
  "gender": "Female",
  "gender_code": "K",
  "age": 20,
  "weight": 45,
  "height": 162,
  "bmi": 17.15,
  "pre_itug_metrics": {
    "test_type": "Pre_ITUG",
    "valid": true,
    "num_samples": 2400,
    "duration_seconds": 24.0,
    "PC1_mean": 1.8849277694243936e-12,
    "PC1_std": 9.895935131457177,
    "PC1_range": 34.11660269099265,
    "PC1_dominant_freq": 0.390625,
    "PC1_spectral_entropy": 0.08455342352230175,
    "stride_frequency": null,
    "num_strides": 0
  },
  "pre_isway_metrics": {
    "test_type": "Pre_ISWAY",
    "valid": true,
    "num_samples": 12783,
    "duration_seconds": 127.83,
    "PC1_mean": 6.183681727332296e-12,
    "PC1_std": 52.59006758249701,
    "PC1_range": 182.15602938712462,
    "PC1_dominant_freq": 0.390625,
    "PC1_spectral_entropy": 0.08408718140953504,
    "sway_area": 875.2766340411953,
    "mean_distance": 45.542677694067024,
    "path_length": 245.59348999830206
  },
  "post_itug_metrics": {
    "test_type": "Post_ITUG",
    "valid": true,
    "num_samples": 2346,
    "duration_seconds": 23.46,
    "PC1_mean": 1.201804593135583e-13,
    "PC1_std": 9.672126225220795,
    "PC1_range": 33.35151332680847,
    "PC1_dominant_freq": 0.390625,
    "PC1_spectral_entropy": 0.084591426311645,
    "stride_frequency": null,
    "num_strides": 0
  },
  "post_isway_metrics": {
    "test_type": "Post_ISWAY",
    "valid": true,
    "num_samples": 12742,
    "duration_seconds": 127.42,
    "PC1_mean": 1.5349061424364345e-12,
    "PC1_std": 52.419051451610706,
    "PC1_range": 181.56327477001554,
    "PC1_dominant_freq": 0.390625,
    "PC1_spectral_entropy": 0.08409242945004296,
    "sway_area": 596.3808557106072,
    "mean_distance": 45.39454865741332,
    "path_length": 237.94813182539303
  },
  "initial_rating": 4.584821428571429,
  "final_rating": 4.290178571428571,
  "rejected_pair_rating_diff": -0.8260869565217391,
  "chosen_pair_rating_diff": -0.08695652173913043,
  "computer_pair_rating_diff": 0.0,
  "timeout_count": 7
}