{
  "name": "Yelizsaglam",
  "gender": "Female",
  "gender_code": "K",
  "age": 20,
  "weight": 60,
  "height": 160,
  "bmi": 23.44,
  "pre_itug_metrics": {
    "test_type": "Pre_ITUG",
    "valid": true,
    "num_samples": 1354,
    "duration_seconds": 13.54,
    "PC1_mean": 1.6792738215896017e-16,
    "PC1_std": 2.2642004980019506,
    "PC1_range": 8.758044076438871,
    "PC1_dominant_freq": 0.390625,
    "PC1_spectral_entropy": 0.22920769624322027,
    "stride_frequency": 1.3438735177865613,
    "num_strides": 17
  },
  "pre_isway_metrics": {
    "test_type": "Pre_ISWAY",
    "valid": true,
    "num_samples": 12490,
    "duration_seconds": 124.9,
    "PC1_mean": 0.0,
    "PC1_std": 2.481173560234024,
    "PC1_range": 52.32979143242663,
    "PC1_dominant_freq": 0.390625,
    "PC1_spectral_entropy": -3.456728565481986,
    "sway_area": 1862.5465025200604,
    "mean_distance": 1.3477277859007306,
    "path_length": 632.8597720819149
  },
  "post_itug_metrics": {
    "test_type": "Post_ITUG",
    "valid": true,
    "num_samples": 1481,
    "duration_seconds": 14.81,
    "PC1_mean": -1.5352712724053482e-16,
    "PC1_std": 2.2524600663045944,
    "PC1_range": 8.364232341352984,
    "PC1_dominant_freq": 0.390625,
    "PC1_spectral_entropy": -0.031989105329487844,
    "stride_frequency": 1.3427561837455833,
    "num_strides": 19
  },
  "post_isway_metrics": {
    "test_type": "Post_ISWAY",
    "valid": true,
    "num_samples": 13717,
    "duration_seconds": 137.17,
    "PC1_mean": 6.630419929816492e-17,
    "PC1_std": 2.5236605782149835,
    "PC1_range": 41.50653046318949,
    "PC1_dominant_freq": 0.390625,
    "PC1_spectral_entropy": -1.9545029715306035,
    "sway_area": 1624.1169840999323,
    "mean_distance": 1.851785221543282,
    "path_length": 791.8074869880053
  },
  "initial_rating": 6.263392857142857,
  "final_rating": 7.138392857142857,
  "rejected_pair_rating_diff": 1.0784313725490196,
  "chosen_pair_rating_diff": -0.11764705882352941,
  "computer_pair_rating_diff": 3.0,
  "timeout_count": 2
}