{
  "name": "Yelizsaglam",
  "gender": "Female",
  "gender_code": "K",
  "age": 20,
  "weight": 60,
  "height": 160,
  "bmi": 23.44,
  "pre_itug_metrics": {
    "test_type": "Pre_ITUG",
    "valid": true,
    "num_samples": 1354,
    "duration_seconds": 13.54,
    "PC1_mean": -1.1351891033945707e-12,
    "PC1_std": 5.593450684700033,
    "PC1_range": 19.23735052422078,
    "PC1_dominant_freq": 0.390625,
    "PC1_spectral_entropy": 0.10756815818667556,
    "stride_frequency": 0.39787798408488056,
    "num_strides": 3
  },
  "pre_isway_metrics": {
    "test_type": "Pre_ISWAY",
    "valid": true,
    "num_samples": 12490,
    "duration_seconds": 124.9,
    "PC1_mean": -1.3538291029113116e-12,
    "PC1_std": 51.38181035789919,
    "PC1_range": 177.9704814650448,
    "PC1_dominant_freq": 0.390625,
    "PC1_spectral_entropy": 0.08409359846986858,
    "sway_area": 876.3682945679342,
    "mean_distance": 44.49650777301401,
    "path_length": 225.66457287818423
  },
  "post_itug_metrics": {
    "test_type": "Post_ITUG",
    "valid": true,
    "num_samples": 1481,
    "duration_seconds": 14.81,
    "PC1_mean": -1.45543716624027e-13,
    "PC1_std": 6.104266412996129,
    "PC1_range": 21.061259616423314,
    "PC1_dominant_freq": 0.390625,
    "PC1_spectral_entropy": 0.0853143823622441,
    "stride_frequency": null,
    "num_strides": 0
  },
  "post_isway_metrics": {
    "test_type": "Post_ISWAY",
    "valid": true,
    "num_samples": 13717,
    "duration_seconds": 137.17,
    "PC1_mean": 5.983290944666402e-13,
    "PC1_std": 56.431269775475364,
    "PC1_range": 195.4626273840422,
    "PC1_dominant_freq": 0.390625,
    "PC1_spectral_entropy": 0.08408884474333411,
    "sway_area": 638.7912741506672,
    "mean_distance": 48.869680938967996,
    "path_length": 210.9621213915153
  },
  "initial_rating": 6.263392857142857,
  "final_rating": 7.138392857142857,
  "rejected_pair_rating_diff": 1.0784313725490196,
  "chosen_pair_rating_diff": -0.11764705882352941,
  "computer_pair_rating_diff": 3.0,
  "timeout_count": 2
}