{
  "name": "EbruYildiz",
  "gender": "Female",
  "gender_code": "K",
  "age": 24,
  "weight": 52,
  "height": 163,
  "bmi": 19.57,
  "pre_itug_metrics": {
    "test_type": "Pre_ITUG",
    "valid": true,
    "num_samples": 1912,
    "duration_seconds": 19.12,
    "PC1_mean": 1.1891928631968203e-16,
    "PC1_std": 2.3264187784029975,
    "PC1_range": 8.247621518659162,
    "PC1_dominant_freq": 0.390625,
    "PC1_spectral_entropy": 0.2905046806790498,
    "stride_frequency": 1.2137203166226913,
    "num_strides": 23
  },
  "pre_isway_metrics": {
    "test_type": "Pre_ISWAY",
    "valid": true,
    "num_samples": 5850,
    "duration_seconds": 58.5,
    "PC1_mean": 0.0,
    "PC1_std": 2.497425871773163,
    "PC1_range": 28.59134741438632,
    "PC1_dominant_freq": 0.390625,
    "PC1_spectral_entropy": -0.9346972445912015,
    "sway_area": 783.2197256103773,
    "mean_distance": 1.2356106508016012,
    "path_length": 405.00516033454284
  },
  "post_itug_metrics": {
    "test_type": "Post_ITUG",
    "valid": true,
    "num_samples": 1829,
    "duration_seconds": 18.29,
    "PC1_mean": 0.0,
    "PC1_std": 2.3006870639683665,
    "PC1_range": 10.98634272920213,
    "PC1_dominant_freq": 0.390625,
    "PC1_spectral_entropy": 0.36771747902300717,
    "stride_frequency": 1.3194062671797693,
    "num_strides": 24
  },
  "post_isway_metrics": {
    "test_type": "Post_ISWAY",
    "valid": true,
    "num_samples": 6139,
    "duration_seconds": 61.39,
    "PC1_mean": 0.0,
    "PC1_std": 2.5062819390369895,
    "PC1_range": 36.59768906013271,
    "PC1_dominant_freq": 0.390625,
    "PC1_spectral_entropy": -1.011514307638776,
    "sway_area": 908.5106395893108,
    "mean_distance": 1.283135350825566,
    "path_length": 482.0322428882374
  },
  "initial_rating": 6.700892857142857,
  "final_rating": 6.540178571428571,
  "rejected_pair_rating_diff": -0.55,
  "chosen_pair_rating_diff": -0.475,
  "computer_pair_rating_diff": 1.0,
  "timeout_count": 10
}