{
  "name": "EbruYildiz",
  "gender": "Female",
  "gender_code": "K",
  "age": 24,
  "weight": 52,
  "height": 163,
  "bmi": 19.57,
  "pre_itug_metrics": {
    "test_type": "Pre_ITUG",
    "valid": true,
    "num_samples": 1912,
    "duration_seconds": 19.12,
    "PC1_mean": -3.6351247442200406e-12,
    "PC1_std": 7.884555459323651,
    "PC1_range": 27.158991973400408,
    "PC1_dominant_freq": 0.390625,
    "PC1_spectral_entropy": 0.0891406306551712,
    "stride_frequency": 0.11841326228537596,
    "num_strides": 2
  },
  "pre_isway_metrics": {
    "test_type": "Pre_ISWAY",
    "valid": true,
    "num_samples": 5850,
    "duration_seconds": 58.5,
    "PC1_mean": -4.489949912342251e-13,
    "PC1_std": 24.072234750535014,
    "PC1_range": 83.47327179159922,
    "PC1_dominant_freq": 0.390625,
    "PC1_spectral_entropy": 0.08401229384392933,
    "sway_area": 384.4791721874292,
    "mean_distance": 20.845081371351856,
    "path_length": 129.4416511148348
  },
  "post_itug_metrics": {
    "test_type": "Post_ITUG",
    "valid": true,
    "num_samples": 1829,
    "duration_seconds": 18.29,
    "PC1_mean": 2.4510111454558574e-12,
    "PC1_std": 7.531163597554144,
    "PC1_range": 26.026464735338173,
    "PC1_dominant_freq": 0.390625,
    "PC1_spectral_entropy": 0.08577348914056544,
    "stride_frequency": 0.24721878862793573,
    "num_strides": 4
  },
  "post_isway_metrics": {
    "test_type": "Post_ISWAY",
    "valid": true,
    "num_samples": 6139,
    "duration_seconds": 61.39,
    "PC1_mean": -9.007538339761205e-13,
    "PC1_std": 25.26603570015679,
    "PC1_range": 87.69933392683969,
    "PC1_dominant_freq": 0.390625,
    "PC1_spectral_entropy": 0.084038661347874,
    "sway_area": 567.4696287596413,
    "mean_distance": 21.876948661597677,
    "path_length": 138.09760977427226
  },
  "initial_rating": 6.700892857142857,
  "final_rating": 6.540178571428571,
  "rejected_pair_rating_diff": -0.55,
  "chosen_pair_rating_diff": -0.475,
  "computer_pair_rating_diff": 1.0,
  "timeout_count": 10
}