{
  "name": "MahmuudOlaide",
  "gender": "Male",
  "gender_code": "E",
  "age": 24,
  "weight": 76,
  "height": 175,
  "bmi": 24.82,
  "pre_itug_metrics": {
    "test_type": "Pre_ITUG",
    "valid": true,
    "num_samples": 2728,
    "duration_seconds": 27.28,
    "PC1_mean": -1.666962429935719e-16,
    "PC1_std": 2.367782724543819,
    "PC1_range": 11.622747220868376,
    "PC1_dominant_freq": 0.390625,
    "PC1_spectral_entropy": 0.197488934788297,
    "stride_frequency": 1.2972572275759822,
    "num_strides": 35
  },
  "pre_isway_metrics": {
    "test_type": "Pre_ISWAY",
    "valid": true,
    "num_samples": 12941,
    "duration_seconds": 129.41,
    "PC1_mean": 1.405601888220274e-16,
    "PC1_std": 2.4637606773241094,
    "PC1_range": 48.64987205031243,
    "PC1_dominant_freq": 0.390625,
    "PC1_spectral_entropy": -0.5886953808806688,
    "sway_area": 1264.6024208329932,
    "mean_distance": 1.196724662205857,
    "path_length": 624.0679184568418
  },
  "post_itug_metrics": {
    "test_type": "Post_ITUG",
    "valid": true,
    "num_samples": 2637,
    "duration_seconds": 26.37,
    "PC1_mean": 0.0,
    "PC1_std": 2.1391467185271584,
    "PC1_range": 12.235421993757878,
    "PC1_dominant_freq": 0.390625,
    "PC1_spectral_entropy": 0.2966889966371704,
    "stride_frequency": 1.3318112633181127,
    "num_strides": 35
  },
  "post_isway_metrics": {
    "test_type": "Post_ISWAY",
    "valid": true,
    "num_samples": 12807,
    "duration_seconds": 128.07,
    "PC1_mean": -1.7753859252223945e-17,
    "PC1_std": 2.4507648706414717,
    "PC1_range": 52.68697820394286,
    "PC1_dominant_freq": 0.390625,
    "PC1_spectral_entropy": -1.7395464446741318,
    "sway_area": 1651.8172982283984,
    "mean_distance": 1.3671514307462558,
    "path_length": 680.3048486507882
  },
  "initial_rating": 5.732142857142857,
  "final_rating": 5.263392857142857,
  "rejected_pair_rating_diff": -0.7959183673469388,
  "chosen_pair_rating_diff": -0.46938775510204084,
  "computer_pair_rating_diff": 0.0,
  "timeout_count": 29
}