{
  "name": "MahmuudOlaide",
  "gender": "Male",
  "gender_code": "E",
  "age": 24,
  "weight": 76,
  "height": 175,
  "bmi": 24.82,
  "pre_itug_metrics": {
    "test_type": "Pre_ITUG",
    "valid": true,
    "num_samples": 2728,
    "duration_seconds": 27.28,
    "PC1_mean": -2.677808447448739e-12,
    "PC1_std": 11.244642054006453,
    "PC1_range": 38.788029687257506,
    "PC1_dominant_freq": 0.390625,
    "PC1_spectral_entropy": 0.08566441821654693,
    "stride_frequency": 0.05509641873278237,
    "num_strides": 1
  },
  "pre_isway_metrics": {
    "test_type": "Pre_ISWAY",
    "valid": true,
    "num_samples": 12941,
    "duration_seconds": 129.41,
    "PC1_mean": 2.8651788889482065e-12,
    "PC1_std": 53.23979134327324,
    "PC1_range": 184.40649138164716,
    "PC1_dominant_freq": 0.390625,
    "PC1_spectral_entropy": 0.08408904042300135,
    "sway_area": 766.54940591259,
    "mean_distance": 46.10726214900958,
    "path_length": 211.11318697969438
  },
  "post_itug_metrics": {
    "test_type": "Post_ITUG",
    "valid": true,
    "num_samples": 2637,
    "duration_seconds": 26.37,
    "PC1_mean": -5.863257463079174e-14,
    "PC1_std": 10.856871248071629,
    "PC1_range": 37.53545685612086,
    "PC1_dominant_freq": 0.390625,
    "PC1_spectral_entropy": 0.08671608607536858,
    "stride_frequency": 0.15982951518380392,
    "num_strides": 3
  },
  "post_isway_metrics": {
    "test_type": "Post_ISWAY",
    "valid": true,
    "num_samples": 12807,
    "duration_seconds": 128.07,
    "PC1_mean": -6.590232554425528e-13,
    "PC1_std": 52.68944809639245,
    "PC1_range": 182.5002939318781,
    "PC1_dominant_freq": 0.390625,
    "PC1_spectral_entropy": 0.08408587411585758,
    "sway_area": 462.17969757125445,
    "mean_distance": 45.62881898137205,
    "path_length": 196.75622941754253
  },
  "initial_rating": 5.732142857142857,
  "final_rating": 5.263392857142857,
  "rejected_pair_rating_diff": -0.7959183673469388,
  "chosen_pair_rating_diff": -0.46938775510204084,
  "computer_pair_rating_diff": 0.0,
  "timeout_count": 29
}