{
  "name": "EbruKilic",
  "gender": "Female",
  "gender_code": "K",
  "age": 20,
  "weight": 50,
  "height": 160,
  "bmi": 19.53,
  "pre_itug_metrics": {
    "test_type": "Pre_ITUG",
    "valid": true,
    "num_samples": 2160,
    "duration_seconds": 21.6,
    "PC1_mean": 1.8855172567310985e-12,
    "PC1_std": 8.890990688061915,
    "PC1_range": 30.751181108255018,
    "PC1_dominant_freq": 0.390625,
    "PC1_spectral_entropy": 0.08448757214811597,
    "stride_frequency": 0.2004008016032064,
    "num_strides": 1
  },
  "pre_isway_metrics": {
    "test_type": "Pre_ISWAY",
    "valid": true,
    "num_samples": 12740,
    "duration_seconds": 127.4,
    "PC1_mean": 2.741334108954509e-14,
    "PC1_std": 52.41055012174298,
    "PC1_range": 181.53377093441736,
    "PC1_dominant_freq": 0.390625,
    "PC1_spectral_entropy": 0.08409285072264952,
    "sway_area": 657.1039446692909,
    "mean_distance": 45.388323641275484,
    "path_length": 198.38194800595653
  },
  "post_itug_metrics": {
    "test_type": "Post_ITUG",
    "valid": true,
    "num_samples": 1814,
    "duration_seconds": 18.14,
    "PC1_mean": -8.774066858338613e-13,
    "PC1_std": 7.478995067019102,
    "PC1_range": 25.82865405915321,
    "PC1_dominant_freq": 0.390625,
    "PC1_spectral_entropy": 0.08922997686822771,
    "stride_frequency": 0.19736842105263155,
    "num_strides": 3
  },
  "post_isway_metrics": {
    "test_type": "Post_ISWAY",
    "valid": true,
    "num_samples": 12699,
    "duration_seconds": 126.99,
    "PC1_mean": -1.0084010867755595e-12,
    "PC1_std": 52.24408998007639,
    "PC1_range": 180.95626765008274,
    "PC1_dominant_freq": 0.390625,
    "PC1_spectral_entropy": 0.08408931342557156,
    "sway_area": 557.2547443804582,
    "mean_distance": 45.24432223387534,
    "path_length": 202.21209071345507
  },
  "initial_rating": 6.160714285714286,
  "final_rating": 5.90625,
  "rejected_pair_rating_diff": -1.8085106382978724,
  "chosen_pair_rating_diff": -0.1276595744680851,
  "computer_pair_rating_diff": 4.0,
  "timeout_count": 2
}