{
  "name": "EbruKilic",
  "gender": "Female",
  "gender_code": "K",
  "age": 20,
  "weight": 50,
  "height": 160,
  "bmi": 19.53,
  "pre_itug_metrics": {
    "test_type": "Pre_ITUG",
    "valid": true,
    "num_samples": 2160,
    "duration_seconds": 21.6,
    "PC1_mean": 1.0526559048297781e-16,
    "PC1_std": 2.139439231653719,
    "PC1_range": 13.36937108589731,
    "PC1_dominant_freq": 0.390625,
    "PC1_spectral_entropy": -0.6515591742552046,
    "stride_frequency": 1.413094677343382,
    "num_strides": 30
  },
  "pre_isway_metrics": {
    "test_type": "Pre_ISWAY",
    "valid": true,
    "num_samples": 12740,
    "duration_seconds": 127.4,
    "PC1_mean": 7.138890908735701e-17,
    "PC1_std": 2.5928480183417766,
    "PC1_range": 46.2565536811386,
    "PC1_dominant_freq": 0.390625,
    "PC1_spectral_entropy": -1.8346699777889326,
    "sway_area": 1064.3950755377261,
    "mean_distance": 1.2280577794307606,
    "path_length": 557.7314663717956
  },
  "post_itug_metrics": {
    "test_type": "Post_ITUG",
    "valid": true,
    "num_samples": 1814,
    "duration_seconds": 18.14,
    "PC1_mean": 0.0,
    "PC1_std": 2.271049276222382,
    "PC1_range": 13.749214006812101,
    "PC1_dominant_freq": 0.390625,
    "PC1_spectral_entropy": 0.2854565396046987,
    "stride_frequency": 1.419647927314026,
    "num_strides": 25
  },
  "post_isway_metrics": {
    "test_type": "Post_ISWAY",
    "valid": true,
    "num_samples": 12699,
    "duration_seconds": 126.99,
    "PC1_mean": 0.0,
    "PC1_std": 2.8619307224382484,
    "PC1_range": 25.647412871518313,
    "PC1_dominant_freq": 0.390625,
    "PC1_spectral_entropy": -0.14566442568069327,
    "sway_area": 717.1659773440413,
    "mean_distance": 2.5540014559807185,
    "path_length": 807.7392895705011
  },
  "initial_rating": 6.160714285714286,
  "final_rating": 5.90625,
  "rejected_pair_rating_diff": -1.8085106382978724,
  "chosen_pair_rating_diff": -0.1276595744680851,
  "computer_pair_rating_diff": 4.0,
  "timeout_count": 2
}