{
  "name": "SuedaAlic",
  "gender": "Female",
  "gender_code": "K",
  "age": 21,
  "weight": 48,
  "height": 163,
  "bmi": 18.07,
  "pre_itug_metrics": {
    "test_type": "Pre_ITUG",
    "valid": true,
    "num_samples": 2572,
    "duration_seconds": 25.72,
    "PC1_mean": -2.0863214387481637e-13,
    "PC1_std": 10.606819534614809,
    "PC1_range": 36.628263007787616,
    "PC1_dominant_freq": 0.390625,
    "PC1_spectral_entropy": 0.08510149182638997,
    "stride_frequency": 0.08543357539513029,
    "num_strides": 2
  },
  "pre_isway_metrics": {
    "test_type": "Pre_ISWAY",
    "valid": true,
    "num_samples": 12925,
    "duration_seconds": 129.25,
    "PC1_mean": -2.0580967920661202e-12,
    "PC1_std": 53.16881584351731,
    "PC1_range": 184.16010173908091,
    "PC1_dominant_freq": 0.390625,
    "PC1_spectral_entropy": 0.08409935746223911,
    "sway_area": 561.2763056479088,
    "mean_distance": 46.04439279899077,
    "path_length": 197.67596744791936
  },
  "post_itug_metrics": {
    "test_type": "Post_ITUG",
    "valid": true,
    "num_samples": 2548,
    "duration_seconds": 25.48,
    "PC1_mean": 1.5362893235599227e-12,
    "PC1_std": 10.53602914873278,
    "PC1_range": 36.69176082882243,
    "PC1_dominant_freq": 0.390625,
    "PC1_spectral_entropy": 0.08801991784978339,
    "stride_frequency": null,
    "num_strides": 0
  },
  "post_isway_metrics": {
    "test_type": "Post_ISWAY",
    "valid": true,
    "num_samples": 12826,
    "duration_seconds": 128.26,
    "PC1_mean": -1.4658564225050657e-12,
    "PC1_std": 52.76485904315825,
    "PC1_range": 182.76132087618637,
    "PC1_dominant_freq": 0.390625,
    "PC1_spectral_entropy": 0.08409179539573153,
    "sway_area": 443.81564567189855,
    "mean_distance": 45.694388633040774,
    "path_length": 196.8734722473382
  },
  "initial_rating": 4.941964285714286,
  "final_rating": 4.90625,
  "rejected_pair_rating_diff": -0.12307692307692308,
  "chosen_pair_rating_diff": 0.03076923076923077,
  "computer_pair_rating_diff": -1.0,
  "timeout_count": 2
}