{
  "name": "SuedaAlic",
  "gender": "Female",
  "gender_code": "K",
  "age": 21,
  "weight": 48,
  "height": 163,
  "bmi": 18.07,
  "pre_itug_metrics": {
    "test_type": "Pre_ITUG",
    "valid": true,
    "num_samples": 2572,
    "duration_seconds": 25.72,
    "PC1_mean": 0.0,
    "PC1_std": 2.215986407555921,
    "PC1_range": 9.762870484369323,
    "PC1_dominant_freq": 0.390625,
    "PC1_spectral_entropy": 0.28888833758257243,
    "stride_frequency": 1.306413301662708,
    "num_strides": 33
  },
  "pre_isway_metrics": {
    "test_type": "Pre_ISWAY",
    "valid": true,
    "num_samples": 12925,
    "duration_seconds": 129.25,
    "PC1_mean": -7.036709491473332e-17,
    "PC1_std": 2.5503523990559134,
    "PC1_range": 35.313695391652494,
    "PC1_dominant_freq": 0.390625,
    "PC1_spectral_entropy": -0.3235342875077307,
    "sway_area": 908.7089897527757,
    "mean_distance": 1.456363868538134,
    "path_length": 452.52343228576274
  },
  "post_itug_metrics": {
    "test_type": "Post_ITUG",
    "valid": true,
    "num_samples": 2548,
    "duration_seconds": 25.48,
    "PC1_mean": 0.0,
    "PC1_std": 2.2806205838498337,
    "PC1_range": 8.456137415440052,
    "PC1_dominant_freq": 0.390625,
    "PC1_spectral_entropy": 0.3072642187441423,
    "stride_frequency": 1.3567438148443731,
    "num_strides": 34
  },
  "post_isway_metrics": {
    "test_type": "Post_ISWAY",
    "valid": true,
    "num_samples": 12826,
    "duration_seconds": 128.26,
    "PC1_mean": 0.0,
    "PC1_std": 2.6143906524249743,
    "PC1_range": 36.80505397745135,
    "PC1_dominant_freq": 0.390625,
    "PC1_spectral_entropy": -0.4187566276173137,
    "sway_area": 783.673080354889,
    "mean_distance": 1.7220119071171067,
    "path_length": 542.2406349020233
  },
  "initial_rating": 4.941964285714286,
  "final_rating": 4.90625,
  "rejected_pair_rating_diff": -0.12307692307692308,
  "chosen_pair_rating_diff": 0.03076923076923077,
  "computer_pair_rating_diff": -1.0,
  "timeout_count": 2
}