{
  "name": "NazliCebesoy",
  "gender": "Female",
  "gender_code": "K",
  "age": 18,
  "weight": 60,
  "height": 171,
  "bmi": 20.52,
  "pre_itug_metrics": {
    "test_type": "Pre_ITUG",
    "valid": true,
    "num_samples": 2120,
    "duration_seconds": 21.2,
    "PC1_mean": 0.0,
    "PC1_std": 2.2172617969578083,
    "PC1_range": 10.128357643125323,
    "PC1_dominant_freq": 0.390625,
    "PC1_spectral_entropy": 0.22086252008809465,
    "stride_frequency": 1.3409961685823755,
    "num_strides": 28
  },
  "pre_isway_metrics": {
    "test_type": "Pre_ISWAY",
    "valid": true,
    "num_samples": 12472,
    "duration_seconds": 124.72,
    "PC1_mean": 0.0,
    "PC1_std": 2.6159544093405307,
    "PC1_range": 49.504194042956506,
    "PC1_dominant_freq": 0.390625,
    "PC1_spectral_entropy": 0.09727760033875255,
    "sway_area": 1125.6869671694096,
    "mean_distance": 1.542981696055182,
    "path_length": 522.254776406828
  },
  "post_itug_metrics": {
    "test_type": "Post_ITUG",
    "valid": true,
    "num_samples": 2059,
    "duration_seconds": 20.59,
    "PC1_mean": 1.104291770001127e-16,
    "PC1_std": 2.2637650822246336,
    "PC1_range": 10.836289390892388,
    "PC1_dominant_freq": 0.390625,
    "PC1_spectral_entropy": 0.3982796790962222,
    "stride_frequency": 1.4146341463414633,
    "num_strides": 29
  },
  "post_isway_metrics": {
    "test_type": "Post_ISWAY",
    "valid": true,
    "num_samples": 12622,
    "duration_seconds": 126.22,
    "PC1_mean": 0.0,
    "PC1_std": 2.826891601581814,
    "PC1_range": 59.93656145363137,
    "PC1_dominant_freq": 0.390625,
    "PC1_spectral_entropy": 0.1335898258065372,
    "sway_area": 1278.0354680994255,
    "mean_distance": 1.5293746377358122,
    "path_length": 516.915290540974
  },
  "initial_rating": 5.321428571428571,
  "final_rating": 5.741071428571429,
  "rejected_pair_rating_diff": 0.4230769230769231,
  "chosen_pair_rating_diff": 0.5384615384615384,
  "computer_pair_rating_diff": -1.0,
  "timeout_count": 7
}