{
  "name": "NazliCebesoy",
  "gender": "Female",
  "gender_code": "K",
  "age": 18,
  "weight": 60,
  "height": 171,
  "bmi": 20.52,
  "pre_itug_metrics": {
    "test_type": "Pre_ITUG",
    "valid": true,
    "num_samples": 2120,
    "duration_seconds": 21.2,
    "PC1_mean": 5.315395922154047e-13,
    "PC1_std": 8.749205665702153,
    "PC1_range": 30.1016664710005,
    "PC1_dominant_freq": 0.390625,
    "PC1_spectral_entropy": 0.08501520923753347,
    "stride_frequency": null,
    "num_strides": 0
  },
  "pre_isway_metrics": {
    "test_type": "Pre_ISWAY",
    "valid": true,
    "num_samples": 12472,
    "duration_seconds": 124.72,
    "PC1_mean": 1.2834434534319706e-13,
    "PC1_std": 51.306103914694795,
    "PC1_range": 177.70794723113949,
    "PC1_dominant_freq": 0.390625,
    "PC1_spectral_entropy": 0.08409753730386427,
    "sway_area": 712.329618630673,
    "mean_distance": 44.430880215297535,
    "path_length": 201.6363803365085
  },
  "post_itug_metrics": {
    "test_type": "Post_ITUG",
    "valid": true,
    "num_samples": 2059,
    "duration_seconds": 20.59,
    "PC1_mean": 2.3861536566184352e-12,
    "PC1_std": 8.497671358932259,
    "PC1_range": 29.234095747783698,
    "PC1_dominant_freq": 0.390625,
    "PC1_spectral_entropy": 0.08471701518938106,
    "stride_frequency": null,
    "num_strides": 0
  },
  "post_isway_metrics": {
    "test_type": "Post_ISWAY",
    "valid": true,
    "num_samples": 12622,
    "duration_seconds": 126.22,
    "PC1_mean": 2.9790959396371372e-12,
    "PC1_std": 51.925734815599746,
    "PC1_range": 179.85441762234927,
    "PC1_dominant_freq": 0.390625,
    "PC1_spectral_entropy": 0.08409189054850426,
    "sway_area": 911.372905258382,
    "mean_distance": 44.967421216561185,
    "path_length": 214.7819103181213
  },
  "initial_rating": 5.321428571428571,
  "final_rating": 5.741071428571429,
  "rejected_pair_rating_diff": 0.4230769230769231,
  "chosen_pair_rating_diff": 0.5384615384615384,
  "computer_pair_rating_diff": -1.0,
  "timeout_count": 7
}