{
  "name": "Omerfarukkonur",
  "gender": "Male",
  "gender_code": "E",
  "age": 19,
  "weight": 86,
  "height": 187,
  "bmi": 24.59,
  "pre_itug_metrics": {
    "test_type": "Pre_ITUG",
    "valid": true,
    "num_samples": 2338,
    "duration_seconds": 23.38,
    "PC1_mean": -9.725135818786657e-17,
    "PC1_std": 2.1983030080349644,
    "PC1_range": 15.646414123805995,
    "PC1_dominant_freq": 0.390625,
    "PC1_spectral_entropy": -0.029930558397738494,
    "stride_frequency": 1.2603215993046502,
    "num_strides": 29
  },
  "pre_isway_metrics": {
    "test_type": "Pre_ISWAY",
    "valid": true,
    "num_samples": 12910,
    "duration_seconds": 129.1,
    "PC1_mean": 7.044885373918886e-17,
    "PC1_std": 2.617493426281394,
    "PC1_range": 56.07692122875422,
    "PC1_dominant_freq": 0.390625,
    "PC1_spectral_entropy": 0.01323684894794548,
    "sway_area": 1687.0703222830969,
    "mean_distance": 1.320479920473156,
    "path_length": 801.7351783579385
  },
  "post_itug_metrics": {
    "test_type": "Post_ITUG",
    "valid": true,
    "num_samples": 2664,
    "duration_seconds": 26.64,
    "PC1_mean": 8.5350478769982e-17,
    "PC1_std": 2.178012003174326,
    "PC1_range": 14.4781367429684,
    "PC1_dominant_freq": 0.390625,
    "PC1_spectral_entropy": 0.26761717021451226,
    "stride_frequency": 1.3569543912551825,
    "num_strides": 36
  },
  "post_isway_metrics": {
    "test_type": "Post_ISWAY",
    "valid": true,
    "num_samples": 12688,
    "duration_seconds": 126.88,
    "PC1_mean": 7.168148658361666e-17,
    "PC1_std": 2.471256152930962,
    "PC1_range": 55.58176059300792,
    "PC1_dominant_freq": 0.390625,
    "PC1_spectral_entropy": -0.4130753571643309,
    "sway_area": 1280.0425388275353,
    "mean_distance": 1.7811090711744297,
    "path_length": 808.089495869868
  },
  "initial_rating": 4.589285714285714,
  "final_rating": 3.8526785714285716,
  "rejected_pair_rating_diff": -1.8,
  "chosen_pair_rating_diff": -0.2727272727272727,
  "computer_pair_rating_diff": -1.0,
  "timeout_count": 4
}