{
  "name": "Omerfarukkonur",
  "gender": "Male",
  "gender_code": "E",
  "age": 19,
  "weight": 86,
  "height": 187,
  "bmi": 24.59,
  "pre_itug_metrics": {
    "test_type": "Pre_ITUG",
    "valid": true,
    "num_samples": 2338,
    "duration_seconds": 23.38,
    "PC1_mean": -1.5669138831229064e-12,
    "PC1_std": 9.629813056887599,
    "PC1_range": 33.25791137594932,
    "PC1_dominant_freq": 0.390625,
    "PC1_spectral_entropy": 0.09425807201662861,
    "stride_frequency": 0.2977667493796526,
    "num_strides": 6
  },
  "pre_isway_metrics": {
    "test_type": "Pre_ISWAY",
    "valid": true,
    "num_samples": 12910,
    "duration_seconds": 129.1,
    "PC1_mean": 4.43207828643985e-12,
    "PC1_std": 53.10530325769498,
    "PC1_range": 183.94074538038672,
    "PC1_dominant_freq": 0.390625,
    "PC1_spectral_entropy": 0.08410264177550986,
    "sway_area": 901.3805896470515,
    "mean_distance": 45.98890475949182,
    "path_length": 215.01299517020584
  },
  "post_itug_metrics": {
    "test_type": "Post_ITUG",
    "valid": true,
    "num_samples": 2664,
    "duration_seconds": 26.64,
    "PC1_mean": 4.185587478879918e-12,
    "PC1_std": 11.004299473463243,
    "PC1_range": 37.7922513008003,
    "PC1_dominant_freq": 0.390625,
    "PC1_spectral_entropy": 0.12716945723697495,
    "stride_frequency": 0.4084014002333722,
    "num_strides": 7
  },
  "post_isway_metrics": {
    "test_type": "Post_ISWAY",
    "valid": true,
    "num_samples": 12688,
    "duration_seconds": 126.88,
    "PC1_mean": 2.546126403450064e-12,
    "PC1_std": 52.19654853917871,
    "PC1_range": 180.79288371595857,
    "PC1_dominant_freq": 0.390625,
    "PC1_spectral_entropy": 0.0840930253335692,
    "sway_area": 858.4851409766918,
    "mean_distance": 45.20186456892642,
    "path_length": 209.6714187719207
  },
  "initial_rating": 4.589285714285714,
  "final_rating": 3.8526785714285716,
  "rejected_pair_rating_diff": -1.8,
  "chosen_pair_rating_diff": -0.2727272727272727,
  "computer_pair_rating_diff": -1.0,
  "timeout_count": 4
}