{
  "name": "Osmanguc",
  "gender": "Male",
  "gender_code": "E",
  "age": 19,
  "weight": 72,
  "height": 176,
  "bmi": 23.24,
  "pre_itug_metrics": {
    "test_type": "Pre_ITUG",
    "valid": true,
    "num_samples": 2107,
    "duration_seconds": 21.07,
    "PC1_mean": 0.0,
    "PC1_std": 2.265692993342194,
    "PC1_range": 17.62384575945274,
    "PC1_dominant_freq": 0.390625,
    "PC1_spectral_entropy": 0.9191325862108889,
    "stride_frequency": 1.5895953757225434,
    "num_strides": 33
  },
  "pre_isway_metrics": {
    "test_type": "Pre_ISWAY",
    "valid": true,
    "num_samples": 12491,
    "duration_seconds": 124.91,
    "PC1_mean": 0.0,
    "PC1_std": 2.58610082962284,
    "PC1_range": 39.40260386116246,
    "PC1_dominant_freq": 0.390625,
    "PC1_spectral_entropy": -2.990251241396369,
    "sway_area": 1574.8973954883757,
    "mean_distance": 1.803401214931552,
    "path_length": 1261.744747331729
  },
  "post_itug_metrics": {
    "test_type": "Post_ITUG",
    "valid": true,
    "num_samples": 1873,
    "duration_seconds": 18.73,
    "PC1_mean": 1.2139544871501978e-16,
    "PC1_std": 2.283623676166926,
    "PC1_range": 9.317398552385438,
    "PC1_dominant_freq": 0.390625,
    "PC1_spectral_entropy": 0.5522761793421287,
    "stride_frequency": 1.4547413793103448,
    "num_strides": 27
  },
  "post_isway_metrics": {
    "test_type": "Post_ISWAY",
    "valid": true,
    "num_samples": 12103,
    "duration_seconds": 121.03,
    "PC1_mean": 1.8786555022988686e-17,
    "PC1_std": 2.5425685767532644,
    "PC1_range": 37.650755857782016,
    "PC1_dominant_freq": 0.390625,
    "PC1_spectral_entropy": -2.8098844965183245,
    "sway_area": 1732.6500218280828,
    "mean_distance": 1.4080473920890746,
    "path_length": 1230.366362744373
  },
  "initial_rating": 7.107142857142857,
  "final_rating": 5.6875,
  "rejected_pair_rating_diff": -2.42,
  "chosen_pair_rating_diff": -1.28,
  "computer_pair_rating_diff": 0.0,
  "timeout_count": 5
}