{
  "name": "Osmanguc",
  "gender": "Male",
  "gender_code": "E",
  "age": 19,
  "weight": 72,
  "height": 176,
  "bmi": 23.24,
  "pre_itug_metrics": {
    "test_type": "Pre_ITUG",
    "valid": true,
    "num_samples": 2107,
    "duration_seconds": 21.07,
    "PC1_mean": -2.708196373480471e-12,
    "PC1_std": 8.707347118311946,
    "PC1_range": 30.01985262234242,
    "PC1_dominant_freq": 0.390625,
    "PC1_spectral_entropy": 0.08585536719683566,
    "stride_frequency": 0.05530973451327434,
    "num_strides": 1
  },
  "pre_isway_metrics": {
    "test_type": "Pre_ISWAY",
    "valid": true,
    "num_samples": 12491,
    "duration_seconds": 124.91,
    "PC1_mean": 5.638561340588869e-12,
    "PC1_std": 51.38031259653104,
    "PC1_range": 177.96530111142047,
    "PC1_dominant_freq": 0.390625,
    "PC1_spectral_entropy": 0.08410584052488694,
    "sway_area": 1084.678279947644,
    "mean_distance": 44.49500000281278,
    "path_length": 247.49523160130394
  },
  "post_itug_metrics": {
    "test_type": "Post_ITUG",
    "valid": true,
    "num_samples": 1873,
    "duration_seconds": 18.73,
    "PC1_mean": -1.4188700045811512e-12,
    "PC1_std": 7.753894276707125,
    "PC1_range": 26.67900318413438,
    "PC1_dominant_freq": 0.390625,
    "PC1_spectral_entropy": 0.08798811129758766,
    "stride_frequency": null,
    "num_strides": 0
  },
  "post_isway_metrics": {
    "test_type": "Post_ISWAY",
    "valid": true,
    "num_samples": 12103,
    "duration_seconds": 121.03,
    "PC1_mean": -5.6726378623014794e-12,
    "PC1_std": 49.78663392847398,
    "PC1_range": 172.4445785575769,
    "PC1_dominant_freq": 0.390625,
    "PC1_spectral_entropy": 0.08410088332490608,
    "sway_area": 1124.3222448942668,
    "mean_distance": 43.114883893928685,
    "path_length": 219.94558194320967
  },
  "initial_rating": 7.107142857142857,
  "final_rating": 5.6875,
  "rejected_pair_rating_diff": -2.42,
  "chosen_pair_rating_diff": -1.28,
  "computer_pair_rating_diff": 0.0,
  "timeout_count": 5
}