{
  "name": "Funda",
  "gender": "Female",
  "gender_code": "K",
  "age": 20,
  "weight": 47,
  "height": 155,
  "bmi": 19.56,
  "pre_itug_metrics": {
    "test_type": "Pre_ITUG",
    "valid": true,
    "num_samples": 2055,
    "duration_seconds": 20.55,
    "PC1_mean": 1.1064412430327595e-16,
    "PC1_std": 2.293479291321071,
    "PC1_range": 10.681022766931191,
    "PC1_dominant_freq": 0.390625,
    "PC1_spectral_entropy": 0.3725081084333767,
    "stride_frequency": 1.5515515515515514,
    "num_strides": 31
  },
  "pre_isway_metrics": {
    "test_type": "Pre_ISWAY",
    "valid": true,
    "num_samples": 12459,
    "duration_seconds": 124.59,
    "PC1_mean": 2.7374629839059963e-17,
    "PC1_std": 2.4994911454929123,
    "PC1_range": 65.64437964117013,
    "PC1_dominant_freq": 0.390625,
    "PC1_spectral_entropy": -0.7691257292356414,
    "sway_area": 1409.4881501391117,
    "mean_distance": 1.401723036408244,
    "path_length": 904.5180750151638
  },
  "post_itug_metrics": {
    "test_type": "Post_ITUG",
    "valid": true,
    "num_samples": 1663,
    "duration_seconds": 16.63,
    "PC1_mean": 0.0,
    "PC1_std": 2.3970284613647337,
    "PC1_range": 11.335752027077799,
    "PC1_dominant_freq": 0.390625,
    "PC1_spectral_entropy": 0.15283376230854875,
    "stride_frequency": 1.4527845036319613,
    "num_strides": 24
  },
  "post_isway_metrics": {
    "test_type": "Post_ISWAY",
    "valid": true,
    "num_samples": 5873,
    "duration_seconds": 58.73,
    "PC1_mean": -3.8715081805420066e-17,
    "PC1_std": 2.4228537935475236,
    "PC1_range": 37.04608256637261,
    "PC1_dominant_freq": 0.390625,
    "PC1_spectral_entropy": -2.93901553812212,
    "sway_area": 546.3494827773502,
    "mean_distance": 1.770137846570446,
    "path_length": 374.5262526164405
  },
  "initial_rating": 5.553571428571429,
  "final_rating": 5.46875,
  "rejected_pair_rating_diff": -0.35714285714285715,
  "chosen_pair_rating_diff": -0.19642857142857142,
  "computer_pair_rating_diff": 0.0,
  "timeout_count": 6
}