{
  "name": "Funda",
  "gender": "Female",
  "gender_code": "K",
  "age": 20,
  "weight": 47,
  "height": 155,
  "bmi": 19.56,
  "pre_itug_metrics": {
    "test_type": "Pre_ITUG",
    "valid": true,
    "num_samples": 2055,
    "duration_seconds": 20.55,
    "PC1_mean": -2.2704174307032222e-13,
    "PC1_std": 8.495604632594452,
    "PC1_range": 29.287583107154532,
    "PC1_dominant_freq": 0.390625,
    "PC1_spectral_entropy": 0.0860668188729577,
    "stride_frequency": 0.17084282460136677,
    "num_strides": 3
  },
  "pre_isway_metrics": {
    "test_type": "Pre_ISWAY",
    "valid": true,
    "num_samples": 12459,
    "duration_seconds": 124.59,
    "PC1_mean": -1.997252993057815e-12,
    "PC1_std": 51.248471239162,
    "PC1_range": 177.50840769236004,
    "PC1_dominant_freq": 0.390625,
    "PC1_spectral_entropy": 0.08410620072683779,
    "sway_area": 2119.0839875203646,
    "mean_distance": 44.38193726553116,
    "path_length": 318.5729592114825
  },
  "post_itug_metrics": {
    "test_type": "Post_ITUG",
    "valid": true,
    "num_samples": 1663,
    "duration_seconds": 16.63,
    "PC1_mean": -7.804263015213281e-12,
    "PC1_std": 6.901884019416498,
    "PC1_range": 23.690825770563798,
    "PC1_dominant_freq": 0.390625,
    "PC1_spectral_entropy": 0.09086386103712286,
    "stride_frequency": 0.08431703204047218,
    "num_strides": 1
  },
  "post_isway_metrics": {
    "test_type": "Post_ISWAY",
    "valid": true,
    "num_samples": 5873,
    "duration_seconds": 58.73,
    "PC1_mean": -5.913186734632639e-12,
    "PC1_std": 24.16515411101362,
    "PC1_range": 83.79873719060618,
    "PC1_dominant_freq": 0.390625,
    "PC1_spectral_entropy": 0.08404437322211959,
    "sway_area": 463.7689954934549,
    "mean_distance": 20.926267623790928,
    "path_length": 143.7314295559039
  },
  "initial_rating": 5.553571428571429,
  "final_rating": 5.46875,
  "rejected_pair_rating_diff": -0.35714285714285715,
  "chosen_pair_rating_diff": -0.19642857142857142,
  "computer_pair_rating_diff": 0.0,
  "timeout_count": 6
}