{
  "name": "EcemPolat",
  "gender": "Female",
  "gender_code": "K",
  "age": 22,
  "weight": 53,
  "height": 161,
  "bmi": 20.45,
  "pre_itug_metrics": {
    "test_type": "Pre_ITUG",
    "valid": true,
    "num_samples": 2417,
    "duration_seconds": 24.17,
    "PC1_mean": -6.31415850051706e-13,
    "PC1_std": 9.978442742147362,
    "PC1_range": 34.31611959671373,
    "PC1_dominant_freq": 0.390625,
    "PC1_spectral_entropy": 0.09089748839484305,
    "stride_frequency": 0.0496031746031746,
    "num_strides": 1
  },
  "pre_isway_metrics": {
    "test_type": "Pre_ISWAY",
    "valid": true,
    "num_samples": 13062,
    "duration_seconds": 130.62,
    "PC1_mean": 2.9856938303493465e-13,
    "PC1_std": 53.73549749159576,
    "PC1_range": 186.12365177309914,
    "PC1_dominant_freq": 0.390625,
    "PC1_spectral_entropy": 0.08409232043724492,
    "sway_area": 660.0454763617187,
    "mean_distance": 46.53492674720725,
    "path_length": 203.92946643227407
  },
  "post_itug_metrics": {
    "test_type": "Post_ITUG",
    "valid": true,
    "num_samples": 2258,
    "duration_seconds": 22.58,
    "PC1_mean": 1.2808649918679857e-13,
    "PC1_std": 9.317585681195075,
    "PC1_range": 32.060804330199005,
    "PC1_dominant_freq": 0.390625,
    "PC1_spectral_entropy": 0.09139276872167748,
    "stride_frequency": 0.0564652738565782,
    "num_strides": 1
  },
  "post_isway_metrics": {
    "test_type": "Post_ISWAY",
    "valid": true,
    "num_samples": 12901,
    "duration_seconds": 129.01,
    "PC1_mean": -1.046754308342333e-12,
    "PC1_std": 53.07309426413707,
    "PC1_range": 183.82910034543352,
    "PC1_dominant_freq": 0.390625,
    "PC1_spectral_entropy": 0.08409236391173468,
    "sway_area": 1342.765490949959,
    "mean_distance": 45.961221788097,
    "path_length": 238.34179215825503
  },
  "initial_rating": 5.441964285714286,
  "final_rating": 5.017857142857143,
  "rejected_pair_rating_diff": -0.5,
  "chosen_pair_rating_diff": -0.527027027027027,
  "computer_pair_rating_diff": 1.0,
  "timeout_count": 14
}