{
  "name": "EcemPolat",
  "gender": "Female",
  "gender_code": "K",
  "age": 22,
  "weight": 53,
  "height": 161,
  "bmi": 20.45,
  "pre_itug_metrics": {
    "test_type": "Pre_ITUG",
    "valid": true,
    "num_samples": 2417,
    "duration_seconds": 24.17,
    "PC1_mean": 9.407268326157718e-17,
    "PC1_std": 2.2116613143802266,
    "PC1_range": 16.207683082869888,
    "PC1_dominant_freq": 0.390625,
    "PC1_spectral_entropy": 0.22241176362609671,
    "stride_frequency": 1.341719077568134,
    "num_strides": 32
  },
  "pre_isway_metrics": {
    "test_type": "Pre_ISWAY",
    "valid": true,
    "num_samples": 13062,
    "duration_seconds": 130.62,
    "PC1_mean": 5.2221790409561796e-17,
    "PC1_std": 2.5748512607443628,
    "PC1_range": 51.57876737365106,
    "PC1_dominant_freq": 0.390625,
    "PC1_spectral_entropy": 0.38845371508692134,
    "sway_area": 1036.13984254145,
    "mean_distance": 1.1924731558889379,
    "path_length": 524.574724203398
  },
  "post_itug_metrics": {
    "test_type": "Post_ITUG",
    "valid": true,
    "num_samples": 2258,
    "duration_seconds": 22.58,
    "PC1_mean": 0.0,
    "PC1_std": 2.219840174919599,
    "PC1_range": 11.246500485912033,
    "PC1_dominant_freq": 0.390625,
    "PC1_spectral_entropy": 0.20824348642142437,
    "stride_frequency": 1.1555555555555554,
    "num_strides": 26
  },
  "post_isway_metrics": {
    "test_type": "Post_ISWAY",
    "valid": true,
    "num_samples": 12901,
    "duration_seconds": 129.01,
    "PC1_mean": -3.524900014622619e-17,
    "PC1_std": 2.6051981636475756,
    "PC1_range": 37.924582955368216,
    "PC1_dominant_freq": 0.390625,
    "PC1_spectral_entropy": -0.15146776207561022,
    "sway_area": 1031.0213823798547,
    "mean_distance": 1.2624461728596796,
    "path_length": 488.876314171536
  },
  "initial_rating": 5.441964285714286,
  "final_rating": 5.017857142857143,
  "rejected_pair_rating_diff": -0.5,
  "chosen_pair_rating_diff": -0.527027027027027,
  "computer_pair_rating_diff": 1.0,
  "timeout_count": 14
}