{
  "name": "UmutKayacan",
  "gender": "Male",
  "gender_code": "E",
  "age": 20,
  "weight": 100,
  "height": 177,
  "bmi": 31.92,
  "pre_itug_metrics": {
    "test_type": "Pre_ITUG",
    "valid": true,
    "num_samples": 2043,
    "duration_seconds": 20.43,
    "PC1_mean": 1.931173772046482e-12,
    "PC1_std": 8.434611822198194,
    "PC1_range": 29.008674525001616,
    "PC1_dominant_freq": 0.390625,
    "PC1_spectral_entropy": 0.08474527025248668,
    "stride_frequency": null,
    "num_strides": 0
  },
  "pre_isway_metrics": {
    "test_type": "Pre_ISWAY",
    "valid": true,
    "num_samples": 12609,
    "duration_seconds": 126.09,
    "PC1_mean": 9.255798249782072e-13,
    "PC1_std": 51.87119052393824,
    "PC1_range": 179.665231772325,
    "PC1_dominant_freq": 0.390625,
    "PC1_spectral_entropy": 0.08409438225391247,
    "sway_area": 2176.4032411271237,
    "mean_distance": 44.92045370432864,
    "path_length": 273.34944087909594
  },
  "post_itug_metrics": {
    "test_type": "Post_ITUG",
    "valid": true,
    "num_samples": 1990,
    "duration_seconds": 19.9,
    "PC1_mean": -4.1727068478325805e-13,
    "PC1_std": 8.247521980791914,
    "PC1_range": 28.13122643756678,
    "PC1_dominant_freq": 0.390625,
    "PC1_spectral_entropy": 0.09500372721010647,
    "stride_frequency": 1.2345679012345678,
    "num_strides": 1
  },
  "post_isway_metrics": {
    "test_type": "Post_ISWAY",
    "valid": true,
    "num_samples": 12641,
    "duration_seconds": 126.41,
    "PC1_mean": 3.920878353596828e-12,
    "PC1_std": 52.00081975673133,
    "PC1_range": 180.1148018831185,
    "PC1_dominant_freq": 0.390625,
    "PC1_spectral_entropy": 0.08409832082190553,
    "sway_area": 1336.3246576116658,
    "mean_distance": 45.03246075538425,
    "path_length": 243.02789134421906
  },
  "initial_rating": 5.1875,
  "final_rating": 4.799107142857143,
  "rejected_pair_rating_diff": -0.5147058823529411,
  "chosen_pair_rating_diff": -0.45588235294117646,
  "computer_pair_rating_diff": -2.0,
  "timeout_count": 3
}