{
  "name": "UmutKayacan",
  "gender": "Male",
  "gender_code": "E",
  "age": 20,
  "weight": 100,
  "height": 177,
  "bmi": 31.92,
  "pre_itug_metrics": {
    "test_type": "Pre_ITUG",
    "valid": true,
    "num_samples": 2043,
    "duration_seconds": 20.43,
    "PC1_mean": 0.0,
    "PC1_std": 2.2139076741267254,
    "PC1_range": 8.938116765583077,
    "PC1_dominant_freq": 0.390625,
    "PC1_spectral_entropy": 0.2568485641707945,
    "stride_frequency": 1.245019920318725,
    "num_strides": 25
  },
  "pre_isway_metrics": {
    "test_type": "Pre_ISWAY",
    "valid": true,
    "num_samples": 12609,
    "duration_seconds": 126.09,
    "PC1_mean": 0.0,
    "PC1_std": 2.438029157324166,
    "PC1_range": 50.31714548720082,
    "PC1_dominant_freq": 0.390625,
    "PC1_spectral_entropy": -0.3836291222466131,
    "sway_area": 1320.4715474023833,
    "mean_distance": 1.4993107726852242,
    "path_length": 572.8622267165057
  },
  "post_itug_metrics": {
    "test_type": "Post_ITUG",
    "valid": true,
    "num_samples": 1990,
    "duration_seconds": 19.9,
    "PC1_mean": 1.142581283634332e-16,
    "PC1_std": 2.151508613438268,
    "PC1_range": 9.042282191619705,
    "PC1_dominant_freq": 0.390625,
    "PC1_spectral_entropy": -0.1180948924030762,
    "stride_frequency": 1.2639029322548028,
    "num_strides": 25
  },
  "post_isway_metrics": {
    "test_type": "Post_ISWAY",
    "valid": true,
    "num_samples": 12641,
    "duration_seconds": 126.41,
    "PC1_mean": 7.194800267169752e-17,
    "PC1_std": 2.5098121058994045,
    "PC1_range": 55.99180164002104,
    "PC1_dominant_freq": 0.390625,
    "PC1_spectral_entropy": -1.4424744920474553,
    "sway_area": 1556.5276257896744,
    "mean_distance": 1.6066500518768276,
    "path_length": 894.6620742754928
  },
  "initial_rating": 5.1875,
  "final_rating": 4.799107142857143,
  "rejected_pair_rating_diff": -0.5147058823529411,
  "chosen_pair_rating_diff": -0.45588235294117646,
  "computer_pair_rating_diff": -2.0,
  "timeout_count": 3
}