{
  "name": "AlpTuna",
  "gender": "Male",
  "gender_code": "E",
  "age": 20,
  "weight": 72,
  "height": 180,
  "bmi": 22.22,
  "pre_itug_metrics": {
    "test_type": "Pre_ITUG",
    "valid": true,
    "num_samples": 1841,
    "duration_seconds": 18.41,
    "PC1_mean": -1.726113247145362e-12,
    "PC1_std": 7.617935535041657,
    "PC1_range": 26.204569796017033,
    "PC1_dominant_freq": 0.390625,
    "PC1_spectral_entropy": 0.08861175462209622,
    "stride_frequency": 0.18061408789885613,
    "num_strides": 3
  },
  "pre_isway_metrics": {
    "test_type": "Pre_ISWAY",
    "valid": true,
    "num_samples": 12597,
    "duration_seconds": 125.97,
    "PC1_mean": -1.0350493009936254e-12,
    "PC1_std": 51.819188758638234,
    "PC1_range": 179.4855479150658,
    "PC1_dominant_freq": 0.390625,
    "PC1_spectral_entropy": 0.08409988405364863,
    "sway_area": 1267.2837428786613,
    "mean_distance": 44.87524888035475,
    "path_length": 244.4999590062339
  },
  "post_itug_metrics": {
    "test_type": "Post_ITUG",
    "valid": true,
    "num_samples": 1627,
    "duration_seconds": 16.27,
    "PC1_mean": 3.0711517464907607e-12,
    "PC1_std": 6.7480958314371415,
    "PC1_range": 23.134257154424482,
    "PC1_dominant_freq": 0.390625,
    "PC1_spectral_entropy": 0.09165185679011145,
    "stride_frequency": 0.3546099290780142,
    "num_strides": 5
  },
  "post_isway_metrics": {
    "test_type": "Post_ISWAY",
    "valid": true,
    "num_samples": 12458,
    "duration_seconds": 124.58,
    "PC1_mean": -2.2824243342614247e-12,
    "PC1_std": 51.25181764606932,
    "PC1_range": 177.52015889685276,
    "PC1_dominant_freq": 0.390625,
    "PC1_spectral_entropy": 0.08409021809106028,
    "sway_area": 1025.3574538317441,
    "mean_distance": 44.38385722161311,
    "path_length": 225.04229262384848
  },
  "initial_rating": 5.553571428571429,
  "final_rating": 5.138392857142857,
  "rejected_pair_rating_diff": -0.27419354838709675,
  "chosen_pair_rating_diff": -0.532258064516129,
  "computer_pair_rating_diff": -1.0,
  "timeout_count": 7
}