{
  "name": "AlpTuna",
  "gender": "Male",
  "gender_code": "E",
  "age": 20,
  "weight": 72,
  "height": 180,
  "bmi": 22.22,
  "pre_itug_metrics": {
    "test_type": "Pre_ITUG",
    "valid": true,
    "num_samples": 1841,
    "duration_seconds": 18.41,
    "PC1_mean": 2.470110542566345e-16,
    "PC1_std": 2.258266524356643,
    "PC1_range": 11.173272097155259,
    "PC1_dominant_freq": 0.390625,
    "PC1_spectral_entropy": 0.5283838007304434,
    "stride_frequency": 1.309328968903437,
    "num_strides": 24
  },
  "pre_isway_metrics": {
    "test_type": "Pre_ISWAY",
    "valid": true,
    "num_samples": 12597,
    "duration_seconds": 125.97,
    "PC1_mean": 0.0,
    "PC1_std": 2.6221798646739627,
    "PC1_range": 56.61095798038919,
    "PC1_dominant_freq": 0.390625,
    "PC1_spectral_entropy": -0.591589660106474,
    "sway_area": 1673.0033216079844,
    "mean_distance": 1.2428096209106643,
    "path_length": 724.8979920489611
  },
  "post_itug_metrics": {
    "test_type": "Post_ITUG",
    "valid": true,
    "num_samples": 1627,
    "duration_seconds": 16.27,
    "PC1_mean": 1.3975026148938663e-16,
    "PC1_std": 2.3208966904194015,
    "PC1_range": 9.043800873615153,
    "PC1_dominant_freq": 0.390625,
    "PC1_spectral_entropy": 0.46231662833031445,
    "stride_frequency": 1.2954966070326956,
    "num_strides": 21
  },
  "post_isway_metrics": {
    "test_type": "Post_ISWAY",
    "valid": true,
    "num_samples": 12458,
    "duration_seconds": 124.58,
    "PC1_mean": 7.300487251347955e-17,
    "PC1_std": 2.672206172296942,
    "PC1_range": 46.26722959706951,
    "PC1_dominant_freq": 0.390625,
    "PC1_spectral_entropy": -0.7176963160222368,
    "sway_area": 2237.1073272995063,
    "mean_distance": 1.210450741404533,
    "path_length": 889.8072290270142
  },
  "initial_rating": 5.553571428571429,
  "final_rating": 5.138392857142857,
  "rejected_pair_rating_diff": -0.27419354838709675,
  "chosen_pair_rating_diff": -0.532258064516129,
  "computer_pair_rating_diff": -1.0,
  "timeout_count": 7
}